t(s),Flux surface 1: solute,Flux surface 2: solute,Average T volume 1,Total retention volume 1,Total solute volume 1,Total 1 volume 1
0.0001,7.665633082251621e+20,0.0,298.00000000000057,7.667467370246248e+16,7.652731863809371e+16,65969278035732.0
0.00021,3.7516504203216375e+20,0.0,298.00000000000057,1.1794286858848086e+17,1.1754657324317354e+17,177427656825284.34
0.000331,2.7541295347938453e+20,0.0,298.00000000000057,1.512678789801265e+17,1.5052097771117837e+17,334421193703208.5
0.00046410000000000006,2.2464851472768084e+20,0.0,298.00000000000057,1.811686433788469e+17,1.7996070904896867e+17,540885071278148.25
0.0006105100000000001,1.9234128292960187e+20,0.0,298.00000000000057,2.0932938230815635e+17,2.0753669224552614e+17,802788358704504.4
0.0007715610000000001,1.6930059079422584e+20,0.0,298.00000000000057,2.3659546855880496e+17,2.340774096477556e+17,1127714978218452.8
0.0009487171000000002,1.517052639100894e+20,0.0,298.00000000000057,2.6347104389783715e+17,2.6006665280369072e+17,1524804916971800.8
0.0011435888100000003,1.3765423551245322e+20,0.0,298.00000000000057,2.902960287975183e+17,2.858203420536273e+17,2004841505272747.5
0.0013579476910000005,1.260800724249719e+20,0.0,298.00000000000057,3.17322487497781e+17,3.115625291973511e+17,2580416397415309.5
0.0015937424601000006,1.1632724003228552e+20,0.0,298.00000000000057,3.4475192516240486e+17,3.3746221001709914e+17,3266150028487163.0
0.001853116706110001,1.0796497685771742e+20,0.0,298.00000000000057,3.7275535083957146e+17,3.6365279770599424e+17,4078959990619806.5
0.002138428376721001,1.00695476839642e+20,0.0,298.00000000000057,4.0148504583515565e+17,3.902431995649294e+17,5038376353572190.0
0.002452271214393101,9.430482090091858e+19,0.0,298.00000000000057,4.3108204867262406e+17,4.1732450373389824e+17,6166906227462858.0
0.0027974983358324116,8.863474084735215e+19,0.0,298.00000000000057,4.616812863042712e+17,4.449741972394761e+17,7490451728731010.0
0.003177248169415653,8.35653379405449e+19,0.0,298.00000000000057,4.9341534270077216e+17,4.7325889559797824e+17,9038786736454680.0
0.0035949729863572187,7.900397275057853e+19,0.0,298.00000000000057,5.2641740919298234e+17,5.02236115686006e+17,1.0846098751782736e+16
0.004054470284992941,7.487784229204892e+19,0.0,298.00000000000057,5.608237364093045e+17,5.3195539769746534e+17,1.2951602946507668e+16
0.004559917313492235,7.112886809350944e+19,0.0,298.00000000000057,5.967757883278478e+17,5.62458961614724e+17,1.5400236168163992e+16
0.005115909044841459,6.771008847189477e+19,0.0,298.00000000000057,6.344222320560902e+17,5.937820159246696e+17,1.824343927559239e+16
0.005727499949325605,6.458305976751718e+19,0.0,298.00000000000057,6.739208576251813e+17,6.259527965108867e+17,2.1540036704254676e+16
0.006400249944258166,6.17159509889083e+19,0.0,298.00000000000057,7.1544049807205e+17,6.589923895581478e+17,2.535722258375587e+16
0.007140274938683983,5.908212473243684e+19,0.0,298.00000000000057,7.59163004985856e+17,6.92914377626736e+17,2.9771663019737656e+16
0.007954302432552383,5.665906503471854e+19,0.0,298.00000000000057,8.052853249956998e+17,7.277243394014868e+17,3.4870724269290052e+16
0.008849732675807622,5.4427556512702e+19,-5e-324,298.00000000000057,8.540217163269271e+17,7.6341922909847e+17,4.075383643801586e+16
0.009834705943388386,5.237104797044837e+19,-9.351357542984965e-308,298.00000000000057,9.056061402966024e+17,7.999866600315625e+17,4.753400195896507e+16
0.010918176537727226,5.047515308682145e+19,-4.997117724735347e-292,298.00000000000057,9.602948596365303e+17,8.374041177613006e+17,5.533945742974289e+16
0.012109994191499949,4.8727254121347146e+19,-4.41815703508522e-277,298.00000000000057,1.0183692732578746e+18,8.756381311792607e+17,6.431549633997398e+16
0.013420993610649945,4.711618385662451e+19,-6.598129946125554e-263,298.00000000000057,1.0801390150848543e+18,9.146434345625555e+17,7.462645878485242e+16
0.01486309297171494,4.5631967564461556e+19,-1.8419886807074715e-249,298.00000000000057,1.1459453425527771e+18,9.543621598521738e+17,8.645789242160283e+16
0.016449402268886436,4.426561149021836e+19,-1.0556236364808968e-236,298.00000000000057,1.216164838007248e+18,9.947231059370982e+17,1.0001888670924174e+17
0.01819434249577508,4.300892776160974e+19,-1.3544289791904953e-224,298.00000000000057,1.2912134433101212e+18,1.0356411402614848e+18,1.155445799544653e+17
0.02011377674535259,4.1854388159869034e+19,-4.2170053155417434e-213,298.00000000000057,1.3715508442339976e+18,1.0770167971857444e+18,1.3329883601547654e+17
0.02222515441988785,4.079500106609536e+19,-3.4340093024746464e-202,298.00000000000057,1.4576852165181263e+18,1.1187361466148586e+18,1.5357708493250966e+17
0.024547669861876637,3.9824207327927845e+19,-7.843336233370465e-192,298.00000000000057,1.5501783396067246e+18,1.1606710146189837e+18,1.7670931961748054e+17
0.027102436848064303,3.8935791887136416e+19,-5.363655915556272e-182,298.00000000000057,1.6496510769865265e+18,1.2026796440005455e+18,2.0306323954370003e+17
0.029912680532870738,3.812380886464731e+19,-1.1674111369306103e-172,298.00000000000057,1.7567892136415588e+18,1.244607885601173e+18,2.3304753278345843e+17
0.033003948586157815,3.7382518475663426e+19,-8.563905704327046e-164,298.00000000000057,1.8723496314983345e+18,1.2862910088935877e+18,2.6711529055924634e+17
0.0364043434447736,3.6706334671071805e+19,-2.234428665153176e-155,298.00000000000057,1.9971667930090504e+18,1.3275562111378125e+18,3.057675546586779e+17
0.04014477778925096,3.6089782821231407e+19,-2.18108364091407e-147,298.00000000000057,2.132159491521269e+18,1.3682258860550968e+18,3.495570086645301e+17
0.04425925556817606,3.5527467062558015e+19,-8.353497491224319e-140,298.00000000000057,2.2783378152821535e+18,1.4081216836468667e+18,3.990918400276688e+17
0.04878518112499367,3.50140471539978e+19,-1.3129496809502177e-132,298.00000000000057,2.436810260471223e+18,1.4470693509364913e+18,4.550398224883545e+17
0.053763699237493044,3.454422480785026e+19,-8.835075115415817e-126,298.00000000000057,2.608790918369025e+18,1.4849042883613755e+18,5.181326978308503e+17
0.05924006916124235,3.411273949075952e+19,-2.6493618859547224e-119,298.00000000000057,2.7956066536172477e+18,1.5214776889799677e+18,5.891709724645705e+17
0.06526407607736659,3.371437363693598e+19,-3.6769759585034505e-113,298.00000000000057,2.9987041855685484e+18,1.5566630502021174e+18,6.690292870346877e+17
0.07189048368510326,3.334396704573888e+19,-2.44816533786256e-107,298.00000000000057,3.2196569840268923e+18,1.5903627654733307e+18,7.586625642139194e+17
0.07917953205361358,3.299644000638788e+19,-8.090387248122023e-102,298.00000000000057,3.4601718951994255e+18,1.622514424096624e+18,8.591131876999628e+17
0.08719748525897494,3.266682436286267e+19,-1.3705970395750987e-96,298.00000000000057,3.7220954241344973e+18,1.653096381755903e+18,9.715195094966035e+17
0.09601723378487245,3.235030138113705e+19,-1.2274540145853692e-91,298.00000000000057,4.0074196166520197e+18,1.682132125030606e+18,1.0971260167826294e+18
0.1057189571633597,3.204224488249552e+19,-5.983551385184865e-87,298.00000000000057,4.3182875066596337e+18,1.7096929537307727e+18,1.2372955072867305e+18
0.11639085287969568,3.173826777936099e+19,-1.6326074379166405e-82,298.00000000000057,4.656998123178368e+18,1.7358985572491313e+18,1.393523616391439e+18
0.12812993816766527,3.143426986276161e+19,-2.5605576980852484e-78,298.00000000000057,5.026011084362908e+18,1.7609151729688694e+18,1.5674560047827433e+18
0.1410429319844318,3.1126484563937346e+19,-2.3679298948491178e-74,298.00000000000057,5.427950842113754e+18,1.7849511861407396e+18,1.760908449638104e+18
0.15524722518287498,3.081152244872352e+19,-1.323008951775414e-70,298.00000000000057,5.8656106795573e+18,1.8082502512127258e+18,1.9758899863934956e+18
0.17087194770116249,3.048640942375181e+19,-4.571454833405309e-67,298.00000000000057,6.341956604381201e+18,1.831082262204913e+18,2.2146291281166666e+18
0.18805914247127875,3.0148618058188247e+19,-9.99013858824688e-64,298.00000000000057,6.860131324498719e+18,1.8537327414082399e+18,2.479603056092825e+18
0.20696505671840665,2.9796090971554767e+19,-1.41077626924474e-60,298.00000000000057,7.42345854082851e+18,1.8764914118359096e+18,2.773569542124817e+18
0.22776156239024734,2.942725585668339e+19,-1.3143127454185922e-57,298.00000000000057,8.03544784831696e+18,1.8996408305243003e+18,3.0996012441734426e+18
0.2506377186292721,2.904103227637626e+19,-8.240228636046939e-55,298.00000000000057,8.699800604313332e+18,1.923445958051905e+18,3.4611219225778703e+18
0.2758014904921993,2.8636830783883583e+19,-3.544107122285607e-52,298.00000000000057,9.420417205650289e+18,1.9481454147919217e+18,3.86194405697631e+18
0.30348163954141927,2.8214545060662927e+19,-1.0651913214304572e-49,298.00000000000057,1.0201406311897883e+19,1.973944941820943e+18,4.306307296941785e+18
0.33392980349556123,2.777453761316984e+19,-2.2774262151789895e-47,298.00000000000057,1.1047096656517452e+19,2.0010132844751355e+18,4.798917135014999e+18
0.3674227838451174,2.7317619088708096e+19,-3.523983098569866e-45,298.00000000000057,1.1962052186783386e+19,2.0294804072224579e+18,5.344983125341401e+18
0.40426506222962916,2.684502061154794e+19,-4.01259869314756e-43,298.00000000000057,1.2951091345169895e+19,2.0594376915651128e+18,5.95025586017936e+18
0.4447915684525921,2.635835778105537e+19,-3.4168229000506327e-41,298.00000000000057,1.4019311318277216e+19,2.0909396134318257e+18,6.621061743114599e+18
0.48937072529785136,2.5859584388223054e+19,-2.210148105568988e-39,298.00000000000057,1.5172117996130886e+19,2.1240063664389425e+18,7.364334359014331e+18
0.5384077978276365,2.535093365314152e+19,-1.102653116647986e-37,298.00000000000057,1.6415262163791223e+19,2.158626984333086e+18,8.187640951603849e+18
0.5923485776104002,2.4834845054435058e+19,-4.306621076189839e-36,298.00000000000057,1.7754882051113409e+19,2.1947626841317757e+18,9.099202212351057e+18
0.6516834353714402,2.4313875728983106e+19,-1.3361288690513387e-34,298.00000000000057,1.919755176948244e+19,2.2323503498419446e+18,1.0107903303965145e+19
0.7169517789085843,2.379059694604716e+19,-3.3404595910039396e-33,298.00000000000057,2.075033436213764e+19,2.2713062542363254e+18,1.12232938384856e+19
0.7887469567994428,2.326747824300177e+19,-6.825974733882555e-32,298.00000000000057,2.242083721426845e+19,2.311530235358445e+18,1.2455574451761992e+19
0.8677216524793872,2.274676418502589e+19,-1.1561600247524286e-30,298.00000000000057,2.4217266476847817e+19,2.352910587373583e+18,1.3815567702961756e+19
0.954593817727326,2.2230351134052377e+19,-1.645918265167669e-29,298.00000000000057,2.614847606423504e+19,2.3953298932582825e+18,1.531467130704265e+19
1.0501531995000586,2.1719673420391055e+19,-1.9967350119659964e-28,298.00000000000057,2.822400584071981e+19,2.4386719339883663e+18,1.6964792192310864e+19
1.1552685194500645,2.1215609549835272e+19,-2.0924709132540606e-27,298.00000000000057,3.0454102994107146e+19,2.4828296757659075e+18,1.8778260559849353e+19
1.270895371395071,2.071841911818496e+19,-1.9195920741107157e-26,298.00000000000057,3.284972048761388e+19,2.527714184479356e+18,2.0767723984358486e+19
1.3980849085345783,2.0227719681458037e+19,-1.5616062645377754e-25,298.00000000000057,3.542248703675847e+19,2.5732641641735936e+18,2.2946022596405543e+19
1.5379933993880364,1.9742509893145227e+19,-1.1404976524063997e-24,298.00000000000057,3.818464435821168e+19,2.619455680752623e+18,2.5326047468085654e+19
1.6918927393268401,1.9261240927377318e+19,-7.564637929760412e-24,298.00000000000057,4.114894946179017e+19,2.6663115286047944e+18,2.7920585420996833e+19
1.8611820132595243,1.878193311848764e+19,-4.6051992841319084e-23,298.00000000000057,4.432854236261487e+19,2.7139096396264284e+18,3.074215451818051e+19
2.047400214585477,1.8302329564693234e+19,-2.597705187687101e-22,298.00000000000057,4.773678252330621e+19,2.762389931585404e+18,3.3802835428516446e+19
2.252240236044025,1.782007406900358e+19,-1.3689889885914234e-21,298.00000000000057,5.1387060269428965e+19,2.811959051564003e+18,3.711410461736874e+19
2.4775642596484273,1.7332898009145164e+19,-6.787605070166936e-21,298.00000000000057,5.529259202242883e+19,2.8628925895508244e+18,4.068667589719472e+19
2.7254206856132703,1.6838800043188736e+19,-3.184406186011835e-20,298.00000000000057,5.946621019791349e+19,2.915534508859475e+18,4.453035726461811e+19
2.9980627541745974,1.6336204059174625e+19,-1.420023282546318e-19,298.00000000000057,6.3920159883255325e+19,2.970293748393966e+18,4.865393017087058e+19
3.2979690295920574,1.5824084073223475e+19,-6.039253447145066e-19,298.00000000000057,6.866591493939931e+19,3.0276381754078203e+18,5.306505844043343e+19
3.6278659325512637,1.5302049080273269e+19,-2.4553181991777813e-18,298.00000000000057,7.371402607803282e+19,3.0880862813478164e+18,5.777023397764938e+19
3.9907525258063905,1.4770385289357576e+19,-9.556202264350384e-18,298.00000000000057,7.907401288829143e+19,3.1521971921873347e+18,6.277476616407754e+19
4.38992777838703,1.4230056893523378e+19,-3.5627505050772485e-17,298.00000000000057,8.475431080698336e+19,3.220559685801788e+18,6.808282138542981e+19
4.829020556225733,1.3682669093766429e+19,-1.2722861646800977e-16,298.00000000000057,9.076228259285382e+19,3.2937809562823834e+18,7.369751831213461e+19
5.312022611848307,1.3130398453125818e+19,-4.349327552790903e-16,298.00000000000057,9.710430178721353e+19,3.3724758321463675e+18,7.962108320788354e+19
5.843324873033138,1.257589610983161e+19,-1.4218460852497689e-15,298.00000000000057,1.0378591264711503e+20,3.4572570478537964e+18,8.585506743203706e+19
6.427757360336453,1.2022169458736155e+19,-4.439187327931796e-15,298.00000000000057,1.10812066886799e+20,3.5487270044975084e+18,9.240062622161152e+19
7.0706330963700985,1.147244804017206e+19,-1.3216924449718416e-14,298.00000000000057,1.1818743220234695e+20,3.6474712656489216e+18,9.92588536704886e+19
7.777796406007109,1.093003989592551e+19,-3.746927920593403e-14,298.00000000000057,1.259167612320762e+20,3.754053853548849e+18,1.0643116365796039e+20
8.555676046607822,1.039818553093837e+19,-1.0100122927438066e-13,298.00000000000057,1.3400530293886542e+20,3.869014272179845e+18,1.1391970071933901e+20
9.411343651268604,9.879917598324902e+18,-2.5857239648913993e-13,298.00000000000057,1.4245923235017082e+20,3.992866108720914e+18,1.2172775927035449e+20
10.352578016395466,9.377935116960557e+18,-6.282249467725775e-13,298.00000000000057,1.5128607032743166e+20,4.126097056244285e+18,1.2986018528804335e+20
11.387935818035013,8.894500926671702e+18,-1.448250744424643e-12,298.00000000000057,1.6049506370895908e+20,4.269170240452934e+18,1.3832373274356321e+20
12.526829399838515,8.431369892652748e+18,-3.1695780676581117e-12,298.00000000000057,1.700974986117408e+20,4.4225267885065605e+18,1.471273488281102e+20
13.779612339822368,7.989754090427624e+18,-6.594868506693923e-12,298.00000000000057,1.8010692757663888e+20,4.58658898915543e+18,1.562823725975419e+20
15.157673573804606,7.570320027216982e+18,-1.3077357137843765e-11,298.00000000000057,1.905392930841785e+20,4.761767353340023e+18,1.6580261246674846e+20
16.67354093118507,7.173230287384146e+18,-2.4802135715160023e-11,298.00000000000057,2.0141295936978315e+20,4.948464026908274e+18,1.7570435194221878e+20
18.340995024303577,6.798205811260388e+18,-4.520091543649676e-11,298.00000000000057,2.1274865589900096e+20,5.147080872484508e+18,1.860062474640106e+20
20.175194526733936,6.444610507261195e+18,-7.960989176674822e-11,298.00000000000057,2.2456935755184708e+20,5.358026603942508e+18,1.9672916729397658e+20
22.192813979407333,6.111544326528207e+18,-1.3637897329010668e-10,298.00000000000057,2.369001284320734e+20,5.581724094390365e+18,2.0789599491810437e+20
24.41219537734807,5.797934734720526e+18,-2.287930111882824e-10,298.00000000000057,2.497679570218151e+20,5.81861729324272e+18,2.1953142672194673e+20
26.85351491508288,5.502618259989488e+18,-3.784091801825633e-10,298.00000000000057,2.6320160653997556e+20,6.069177372005054e+18,2.3166178953158967e+20
29.538966406591168,5.224406729802692e+18,-6.208432878950099e-10,298.00000000000057,2.7723149741190536e+20,6.333907852994145e+18,2.443148960457189e+20
32.492963047250285,4.962136051718291e+18,-1.0158457947187881e-09,298.00000000000057,2.9188963065265992e+20,6.613348634503612e+18,2.575199472853093e+20
35.74235935197532,4.714698199020332e+18,-1.6650615173873358e-09,298.00000000000057,3.072095535650866e+20,6.908078976932823e+18,2.7130748301838654e+20
39.31669528717285,4.481058991101624e+18,-2.743857732736367e-09,298.00000000000057,3.232263637471704e+20,7.218719626894199e+18,2.857093751370002e+20
43.24846481589014,4.2602651568175995e+18,-4.559405025227225e-09,298.00000000000057,3.3997674447590497e+20,7.545934315422557e+18,3.007588557421598e+20
47.573411297479154,4.05144420606713e+18,-7.658620866686668e-09,298.00000000000057,3.5749902384121866e+20,7.890430873940217e+18,3.1649057097689104e+20
52.33085242722707,3.8538000808618696e+18,-1.3032547943913116e-08,298.00000000000057,3.7583325085156835e+20,8.252962181336147e+18,3.3294065267337953e+20
57.56403766994978,3.6666067770738227e+18,-2.2510849102264058e-08,298.00000000000057,3.950212833280412e+20,8.634327105705989e+18,3.5014680175407124e+20
63.320541436944765,3.4892013605221893e+18,-3.9538782954637436e-08,298.00000000000057,4.151068841036617e+20,9.035371551273103e+18,3.6814837931861036e+20
69.65269558063925,3.3209771730011484e+18,-7.074018844842897e-08,298.00000000000057,4.361358234709563e+20,9.456989675437996e+18,3.8698650302339953e+20
76.61806513870317,3.1613776105196396e+18,-1.291319816935953e-07,298.00000000000057,4.5815598684110376e+20,9.90012530732076e+18,4.0670414756214486e+20
84.2799716525735,3.0098905982898903e+18,-2.408899310892268e-07,298.00000000000057,4.812174872217395e+20,1.036577357755262e+19,4.2734624881459534e+20
92.70806881783085,2.866043757088996e+18,-4.5993716742493914e-07,298.00000000000057,5.053727824858953e+20,1.0854982757055078e+19,4.489598116588211e+20
101.97897569961394,2.7294002012637107e+18,-9.002026180642939e-07,298.00000000000057,5.306767975955449e+20,1.1368856297149639e+19,4.7159402166014306e+20
112.17697326957534,2.5995548892363796e+18,-1.8088479706748543e-06,298.00000000000057,5.571870520383293e+20,1.1908555062015107e+19,4.95300360950092e+20
123.3947705965329,2.476131448564562e+18,-3.737094012340772e-06,298.00000000000057,5.849637927844697e+20,1.2475299745424808e+19,5.201327286506686e+20
135.7343476561862,2.3587794113447496e+18,-7.950195191789447e-06,298.00000000000057,6.140701330984041e+20,1.3070373465693258e+19,5.4614756621486024e+20
149.30788242180483,2.2471717933613924e+18,-1.7440738879796298e-05,298.00000000000057,6.445721975586635e+20,1.3695124535143082e+19,5.734039880595943e+20
164.23877066398535,2.141002971586546e+18,-3.951062036826199e-05,298.00000000000057,6.765392736546366e+20,1.4350969402784205e+19,6.019639178693036e+20
180.0,2.0434092853822387e+18,-8.834520864978618e-05,298.00000000000057,7.087459160276886e+20,1.5014844080241914e+19,6.307220880173023e+20
197.33735226961613,-2.8803832914744806e+18,-0.00020267510649819165,298.00000000000057,6.588075597048054e+20,5.20777204942831e+18,6.291004741985063e+20
216.40843976619385,-1.2598239118248458e+18,-0.0004727738637852149,298.00000000000057,6.347813008034417e+20,3.1855878556162033e+18,6.167775723087461e+20
237.38663601242936,-9.054456735276055e+17,-0.0011164149624777618,298.00000000000057,6.157866412499746e+20,2.437912578033507e+18,6.020482596639312e+20
260.4626518832884,-7.277437209844671e+17,-0.0026641707450959793,298.00000000000057,5.989931761323797e+20,2.0459968856749448e+18,5.8746590546658827e+20
285.8462693412334,-6.068691639799817e+17,-0.00642295446246993,298.00000000000057,5.8358860533478346e+20,1.786672309630115e+18,5.7351789760876826e+20
313.76824854497283,-5.154209247305319e+17,-0.015651356453349443,298.00000000000057,5.691970005299433e+20,1.5942046135614566e+18,5.6020650117620217e+20
344.48242566908624,-4.427951245508634e+17,-0.038581314963525626,298.00000000000057,5.555968839681634e+20,1.4425580391421087e+18,5.474577477983071e+20
378.268020505611,-3.8347199922632755e+17,-0.09629815295550495,298.00000000000057,5.426410295287921e+20,1.318501285128701e+18,5.3519873858517683e+20
415.43217482578825,-3.34122859694493e+17,-0.24359051148713162,298.00000000000057,5.302236149361651e+20,1.2142655841117773e+18,5.2336716275122333e+20
456.3127445779832,-2.925569133067359e+17,-0.6249242528760062,298.00000000000057,5.182637041595248e+20,1.1248962370164168e+18,5.119098100965682e+20
501.28137130539767,-2.5723407930980202e+17,-1.6268787505169104,298.00000000000057,5.066962267210673e+20,1.0470429107103748e+18,5.0078035639589896e+20
550.7468607055536,-2.2701855158779667e+17,-4.299100481633196,298.00000000000057,4.954666318104138e+20,9.783537382345069e+17,4.8993740960504e+20
605.1588990457251,-2.0103504385521152e+17,-11.532297870795952,298.00000000000057,4.845278967436544e+20,9.17113267642601e+17,4.7934354703355956e+20
665.0121412199138,-1.785879536663965e+17,-31.395811280902503,298.00000000000057,4.7383882233773444e+20,8.620365028752588e+17,4.689647623554318e+20
730.8507076115213,-1.5911176934649392e+17,-86.7007326066134,298.00000000000057,4.633631269584089e+20,8.121379866222863e+17,4.5877029153906904e+20
803.2731306422896,-1.4213998280170923e+17,-242.67197397669932,298.00000000000057,4.530690017956455e+20,7.666465787570272e+17,4.487326445938544e+20
882.9377959761348,-1.2728479612646371e+17,-687.6774910012382,298.00000000000057,4.429288989595645e+20,7.249482241161341e+17,4.388277136507357e+20
970.5689278433645,-1.1422308454973416e+17,-1970.2148576063373,298.00000000000057,4.3291939938332095e+20,6.865464499009701e+17,4.2903486173560236e+20
1066.963172897317,-1.0268592998635346e+17,-5697.401215771597,298.00000000000057,4.2302106581950883e+20,6.510344422563686e+17,4.1933693190833465e+20
1172.9968424566648,-9.245018133022277e+16,-16596.860440280474,298.00000000000057,4.132182333262999e+20,6.180748881968622e+17,4.097201504829308e+20
1289.6338789719475,-8.33312231289668e+16,-48596.00684438628,298.00000000000057,4.0349872611781476e+20,5.873851471592052e+17,4.0017392681767384e+20
1417.9346191387585,-7.51765845826698e+16,-142671.83754378502,298.00000000000057,3.938535145131229e+20,5.587261563241979e+17,3.9069057232965514e+20
1559.0654333222506,-6.786027404313776e+16,-418877.11493574624,298.00000000000057,3.842763387041331e+20,5.3189400059577664e+17,3.812649714296501e+20
1714.309328924092,-6.127783648610533e+16,-1226359.9578897874,298.00000000000057,3.747633286132492e+20,5.0671341682901677e+17,3.7189423773093626e+20
1885.0776140861174,-5.534215190034019e+16,-3569811.991213618,298.00000000000057,3.6531264421656114e+20,4.830327244108533e+17,3.625773827468796e+20
1980.0,-5.240211014037573e+16,-5525665.246883499,298.00000000000057,3.603385108886149e+20,4.710909384997041e+17,3.576707517081196e+20
1990.0,-6.204877185193482e+16,-6886574.679123006,300.4999999999965,3.597180231693396e+20,5.4872154255617824e+17,3.568905790293748e+20
2000.0,-7.345486115643962e+16,-8674805.766103923,303.0000000000006,3.589834745569502e+20,6.402184653212183e+17,3.559674231298374e+20
2010.0,-8.659803245671106e+16,-11012657.717730723,305.49999999999824,3.581174942314986e+20,7.447855058349422e+17,3.548978700046152e+20
2020.0,-1.0162557542072928e+17,-14110181.95186366,308.0000000000017,3.5710123847636006e+20,8.635178434113883e+17,3.5366382982230396e+20
2030.0,-1.1869300496260077e+17,-18284387.407757923,310.4999999999975,3.5591430842576385e+20,9.977384781610177e+17,3.5224424445126037e+20
2040.0,-1.3794166517212912e+17,-24019977.438365467,313.00000000000114,3.5453489177304275e+20,1.1488046509402733e+18,3.5061655381734326e+20
2050.0,-1.594880650371729e+17,-32076271.939317368,315.49999999999955,3.52940011121644e+20,1.3180622130141888e+18,3.4875709721291555e+20
2060.0,-1.834134923520264e+17,-43675385.52927095,318.0000000000025,3.511058761970535e+20,1.5068128071727263e+18,3.46641501159335e+20
2070.0,-2.0975313410258896e+17,-60842781.07643523,320.4999999999978,3.490083448548763e+20,1.7162794438594058e+18,3.442451648925364e+20
2080.0,-2.384852648827083e+17,-87043362.90668379,322.99999999999955,3.466234922047307e+20,1.9475703405208858e+18,3.415438508893066e+20
2090.0,-2.695213725382965e+17,-128410113.94666961,325.49999999999886,3.439282784777137e+20,2.2016427961285204e+18,3.3851437002951944e+20
2100.0,-3.026982404896039e+17,-196202255.8102422,328.0000000000012,3.4090129607059584e+20,2.4792693890934467e+18,3.3513534009445057e+20
2110.0,-3.377730443466687e+17,-311906016.1089481,330.4999999999977,3.375235656238285e+20,2.781008987927151e+18,3.3138798594584255e+20
2120.0,-3.744224166962357e+17,-518219758.2935726,332.9999999999983,3.3377934145156206e+20,3.107184977227456e+18,3.2725694071806244e+20
2130.0,-4.1224617140029536e+17,-903604731.1634293,335.4999999999986,3.2965687972844765e+20,3.4578726897932186e+18,3.2273100119374686e+20
2140.0,-4.5077597154041056e+17,-1659154331.7525325,338.0000000000001,3.251491199964065e+20,3.832897309604402e+18,3.1780378857783676e+20
2150.0,-4.894887230770764e+17,-3214771825.376623,340.4999999999971,3.2025423273346295e+20,4.2318425463897595e+18,3.1247426895250837e+20
2160.0,-5.2782395788707366e+17,-6574844161.348292,343.0000000000047,3.1497599308883375e+20,4.65406931596521e+18,3.0674709579900446e+20
2170.0,-5.65204024558953e+17,-14164961204.91189,345.5000000000041,3.093239527016011e+20,5.098742660506463e+18,3.0063274924487986e+20
2180.0,-6.01055610488306e+17,-32001034173.39458,347.9999999999988,3.0331339627673656e+20,5.564864373986304e+18,2.941474615448595e+20
2190.0,-6.348310195565992e+17,-75282248555.54259,350.5000000000027,2.9696508532842496e+20,6.051308380869035e+18,2.873129337545706e+20
2200.0,-6.660277292516128e+17,-182760660891.16467,353.0000000000041,2.9030480620848962e+20,6.556855899466088e+18,2.8015586266387317e+20
2210.0,-6.942050141619717e+17,-453137435360.1243,355.50000000000284,2.8336275153593156e+20,7.080227773112067e+18,2.727073082604155e+20
2220.0,-7.18996789020419e+17,-1134963515291.4812,357.99999999999756,2.7617277229709564e+20,7.620111971518135e+18,2.650019393103076e+20
2230.0,-7.401202263715186e+17,-2840895477078.206,360.5000000000019,2.687715416267013e+20,8.17518500601067e+18,2.5707719765415897e+20
2240.0,-7.573800825940768e+17,-7035360865564.086,363.0000000000035,2.6119767045220496e+20,8.744126702143709e+18,2.4897242050019967e+20
2250.0,-7.706689807855821e+17,-17084365922363.363,365.50000000000273,2.5349080981160604e+20,9.32562826493116e+18,2.407279544906586e+20
2260.0,-7.799641300895988e+17,-40373146354426.05,367.99999999999704,2.4569076480202922e+20,9.918393687803595e+18,2.323842857998918e+20
2270.0,-7.853211062925367e+17,-92272127730009.84,370.500000000004,2.3783663106351582e+20,1.0521134122820418e+19,2.2398119739843386e+20
2280.0,-7.868653875164701e+17,-202965461656907.47,373.0000000000036,2.2996594762136624e+20,1.1132553683382225e+19,2.1555694917820134e+20
2290.0,-7.847823466847329e+17,-428134357953758.5,375.5000000000016,2.2211384297112755e+20,1.1751323211515957e+19,2.071474620763894e+20
2300.0,-7.79306365069813e+17,-863898860760357.5,377.9999999999958,2.1431214061021744e+20,1.2376035966612328e+19,1.9878547953321112e+20
2310.0,-7.70709662826566e+17,-1664992642356537.5,380.50000000000335,2.0658839451478452e+20,1.3005136580045418e+19,1.9049968656017713e+20
2320.0,-7.592913545379619e+17,-3062884822328519.5,383.0000000000031,1.9896485283970803e+20,1.3636813148094863e+19,1.8231379556957795e+20
2330.0,-7.453671395780346e+17,-5378011507453833.0,385.5000000000007,1.914574023947298e+20,1.4268843644351169e+19,1.7424566020535838e+20
2340.0,-7.292599356719898e+17,-9018550643862710.0,387.99999999999466,1.840746190310005e+20,1.4898393513685123e+19,1.6630654400440658e+20
2350.0,-7.11291664858934e+17,-1.4458605813065296e+16,390.50000000000233,1.7681711832556916e+20,1.5521772055737397e+19,1.585007277625095e+20
2360.0,-6.917763077948476e+17,-2.219212948899934e+16,393.00000000000233,1.696774364886847e+20,1.6134169957469706e+19,1.5082565913078363e+20
2370.0,-6.710142563633743e+17,-3.266511323640907e+16,395.4999999999999,1.626406458455798e+20,1.6729415921991487e+19,1.4327280653374705e+20
2380.0,-6.492879145966637e+17,-4.619578693692504e+16,397.999999999994,1.5568581232360368e+20,1.7299802013312762e+19,1.3582927186415403e+20
2390.0,-6.268584205256768e+17,-6.289818942450842e+16,400.500000000002,1.4878825002420784e+20,1.7836030193551135e+19,1.2848006340213065e+20
2400.0,-6.039632840484365e+17,-8.26261123554967e+16,403.00000000000625,1.419223599877252e+20,1.83273234124233e+19,1.2121077457142709e+20
2410.0,-5.808146619959484e+17,-1.0495107625399291e+17,405.49999999999903,1.3506470645509498e+20,1.8761723684359963e+19,1.140103043379403e+20
2420.0,-5.575979386587773e+17,-1.2918059563486757e+17,407.99999999999693,1.281969246770851e+20,1.9126570838511768e+19,1.0687322680771985e+20
2430.0,-5.344702821356471e+17,-1.5441397823752006e+17,410.50000000000114,1.213080851670043e+20,1.9409125848133358e+19,9.980147898272702e+19
2440.0,-5.115589463968631e+17,-1.7962515335101222e+17,413.0000000000056,1.1439624664482148e+20,1.9597279214236905e+19,9.28051654967686e+19
2450.0,-4.889593137742494e+17,-2.037576420166025e+17,415.49999999999784,1.0746907884720983e+20,1.9680273189032882e+19,8.590243745061098e+19
2460.0,-4.66733005518952e+17,-2.258164330818059e+17,417.99999999999574,1.0054358546372556e+20,1.9649368342939288e+19,7.91185467923912e+19
2470.0,-4.4490674743056474e+17,-2.4494449953253792e+17,420.5000000000001,9.364507324658468e+19,1.949839784445609e+19,7.24842776480335e+19
2480.0,-4.2347292872006957e+17,-2.6047647814634154e+17,423.0000000000073,8.680557873040389e+19,1.922417195442549e+19,6.603400002123403e+19
2490.0,-4.0239279589004986e+17,-2.7196706941377418e+17,425.49999999999665,8.006197901126e+19,1.882671519367149e+19,5.980358513791857e+19
2500.0,-3.816029022129519e+17,-2.7919585175815245e+17,427.99999999999454,7.345398988811189e+19,1.8309335268628834e+19,5.382838175527541e+19
2510.0,-3.610248223801118e+17,-2.8215290492714592e+17,430.499999999999,6.702221062467069e+19,1.7678534214829246e+19,4.814139790089797e+19
2520.0,-3.405773915077272e+17,-2.810108768461288e+17,433.00000000000654,6.080632565446449e+19,1.6943778582236697e+19,4.2771778160558146e+19
2530.0,-3.201900537545563e+17,-2.7608919128681238e+17,435.49999999999557,5.48435307252359e+19,1.6117148431790905e+19,3.774362187910038e+19
2540.0,-2.99815509565909e+17,-2.6781537783370074e+17,437.99999999999346,4.9167219273447604e+19,1.521288636076842e+19,3.30751553630077e+19
2550.0,-2.7943984651733744e+17,-2.5668738786272246e+17,440.4999999999981,4.380594433252845e+19,1.4246869167962632e+19,2.8778249951747637e+19
2560.0,-2.590887211369073e+17,-2.4323953511664166e+17,443.00000000000585,3.8782659218736185e+19,1.3236026694029238e+19,2.485826429866502e+19
2570.0,-2.388288157837763e+17,-2.2801356605544176e+17,445.49999999999443,3.4114232945907597e+19,1.2197734600280547e+19,2.1314180002434638e+19
2580.0,-2.18764555041355e+17,-2.1153543817398186e+17,447.99999999999216,2.9811230693894263e+19,1.1149209649075743e+19,1.8138992556274799e+19
2590.0,-1.990307587731871e+17,-1.9429771206079414e+17,450.4999999999971,2.587794382631334e+19,1.010693656984275e+19,1.5320313463562953e+19
2600.0,-1.7978240732109613e+17,-1.767470438006492e+17,453.00000000000887,2.231264733250225e+19,9.086154184281757e+18,1.2841134386435625e+19
2610.0,-1.6118293814119507e+17,-1.592760627969004e+17,455.50000000000915,1.910805552491771e+19,8.100424850888685e+18,1.0680700981561725e+19
2620.0,-1.4339248707913496e+17,-1.4221888058982341e+17,457.99999999999363,1.6251940235511327e+19,7.161305625928349e+18,8.81544333884542e+18
2630.0,-1.265572831871672e+17,-1.2584953679610413e+17,460.4999999999964,1.3727870604384598e+19,6.278132342370573e+18,7.219912114632992e+18
2640.0,-1.1080107858333144e+17,-1.1038279250093669e+17,463.0000000000083,1.151603063574801e+19,5.457919837538353e+18,5.867674559239676e+18
2650.0,-9.621912120678648e+16,-9.597678697776003e+16,465.5000000000089,9.594070458941184e+18,4.70537366562325e+18,4.732132268469434e+18
2660.0,-8.287482205093235e+16,-8.273715601974346e+16,467.99999999999244,7.937949733626791e+18,4.0230016171196467e+18,3.7872318965706414e+18
2670.0,-7.079897269330219e+16,-7.072226189045438e+16,470.49999999999545,6.522736580015139e+18,3.41130787657698e+18,3.008050325861128e+18
2680.0,-5.999115560112046e+16,-5.994921092646547e+16,473.0000000000074,5.323332229860074e+18,2.869049089521612e+18,2.3712459427210916e+18
2690.0,-5.042286290701231e+16,-5.04003467694773e+16,475.5000000000083,4.31509955724713e+18,2.3935301195891195e+18,1.8553768794647762e+18
2700.0,-4.2041790759815816e+16,-4.2029917748155064e+16,477.99999999999113,3.474381991941069e+18,1.980917746200502e+18,1.4410947142782592e+18
2710.0,-3.477679047442643e+16,-3.4770635841710536e+16,480.49999999999454,2.778907331499881e+18,1.6265526664564708e+18,1.1112278017096413e+18
2720.0,-2.8543016358478788e+16,-2.853987689856267e+16,483.0000000000066,2.2080780728492398e+18,1.3252434746096248e+18,8.507720182562167e+17
2730.0,-2.3246895566528988e+16,-2.324531744293701e+16,485.50000000001,1.7431556771756677e+18,1.0715302960054962e+18,6.468083602847762e+17
2740.0,-1.879064227251803e+16,-1.8789858868767812e+16,487.9999999999898,1.3673504510947456e+18,8.599099638877836e+17,4.883668005297959e+17
2750.0,-1.5076134792132984e+16,-1.5075749482468942e+16,490.49999999999346,1.0658314361181999e+18,6.850186328884641e+17,3.6625447013485466e+17
2760.0,-1.2008061474062964e+16,-1.2007872752453652e+16,493.00000000000557,8.25671956674366e+17,5.417712141280964e+17,2.7286399656509715e+17
2770.0,-9496313955565786.0,-9496221186194244.0,495.50000000001023,6.35746496773518e+17,4.254598036841201e+17,2.019750873945082e+17
2780.0,-7457662310763971.0,-7457616018704289.0,497.9999999999893,4.8659362828560045e+17,3.318152813536077e+17,1.4855954532634448e+17
2790.0,-5816781564294815.0,-5816757757066675.0,500.4999999999944,3.702581686237042e+17,2.5703727404669738e+17,1.0859740030006802e+17
2800.0,-4506751897823497.0,-4506739062202238.0,503.0000000000062,2.801232075413183e+17,1.9779994555903008e+17,7.890707624917042e+16
2810.0,-3469069547396901.5,-3469062188669163.0,505.5000000000106,2.1074185055229008e+17,1.512354420336188e+17,5.6997501235336424e+16
2820.0,-2653375001420993.0,-2653370490326563.5,507.9999999999892,1.5767436532452173e+17,1.1490683421330088e+17,4.093578751274655e+16
2830.0,-2016916891132050.2,-2016913950491319.0,510.4999999999946,1.1733603386823966e+17,8.677010524582664e+16,2.923625124151375e+16
2840.0,-1523870209210122.5,-1523868198053629.2,513.0000000000056,8.685863238762205e+16,6.513176683671074e+16,2.076703754048279e+16
2850.0,-1144575898541494.8,-1144574477606286.8,515.5000000000081,6.396711555128254e+16,4.8604862351565464e+16,1.4673173709861428e+16
2860.0,-854757433127439.8,-854756409677796.5,517.9999999999899,4.687196735913893e+16,3.6065781213360664e+16,1.0314105530554752e+16
2870.0,-634755862250445.1,-634755117878278.0,520.4999999999931,3.417685030686491e+16,2.6613575741841628e+16,7213687483626632.0
2880.0,-468811968085049.75,-468811424729363.8,523.0000000000024,2.4800611023462068e+16,1.9532848747543264e+16,5020654392957489.0
2890.0,-344413367963408.3,-344412971399867.8,525.500000000008,1.7912343695543786e+16,1.4260778999821512e+16,3477749190595023.0
2900.0,-251715746924076.47,-251715458143671.03,527.9999999999881,1.2878028769439042e+16,1.0358469370154514e+16,2397879656469848.5
2910.0,-183040860150555.0,-183040650567449.6,530.499999999994,9217211571380546.0,7486527736105980.0,1645896383882504.0
2920.0,-132449281371558.08,-132449129884132.67,533.0000000000015,6568225945813510.0,5384607712034865.0,1124803985773741.9
2930.0,-95382798492821.17,-95382689459584.28,535.5000000000055,4660569976734418.0,3854527348279592.5,765424140469263.5
2940.0,-68369557646466.016,-68369479516248.46,537.9999999999902,3293178824129259.0,2746531876499464.0,518714681815844.4
2950.0,-48784228873794.5,-48784173136637.58,540.4999999999933,2317494246743569.5,1948255809790564.8,350110014520349.0
2960.0,-34655338185477.52,-34655298593618.523,542.9999999999994,1624387483079520.2,1375957018423280.8,235384071168588.03
2970.0,-24512255411676.867,-24512227408956.77,545.5000000000049,1134142374867515.0,967630161099718.6,157649100960111.56
2980.0,-17264961888005.1,-17264942164842.824,547.9999999999889,788843137121900.9,677650921728189.9,105194150887875.95
2990.0,-12110508226456.193,-12110494392047.139,550.4999999999934,546632972597866.94,472649976812554.7,69939024750190.82
3000.0,-8460910518041.761,-8460900852784.936,553.0000000000005,377414762240454.7,328362464860266.75,46335742736440.24
3010.0,-5888055104952.52,-5888048379080.355,555.5000000000052,259653660137263.9,227242403438143.78,30592886511912.31
3020.0,-4081945360055.3076,-4081940697156.188,558.000000000005,178014752936046.3,156670587850728.84,20131228566258.266
3030.0,-2819305336834.1704,-2819302116263.3384,560.499999999995,121628646199808.84,107618407639765.48,13203890070730.47
3040.0,-1940145289340.2065,-1940143073133.6663,563.0000000000011,82825740411567.73,73658685495161.45,8632771080016.506
3050.0,-1330392594626.1218,-1330391074874.8,565.5000000000035,56217888519191.07,50238378259915.02,5626635897037.997
3060.0,-909104202078.9636,-909103163597.7667,568.0000000000047,38035804477385.836,34147277598524.184,3656199750344.155
3070.0,-619112165437.4918,-619111458208.8951,570.4999999999943,25653561168680.85,23132291694497.863,2368778847155.2056
3080.0,-420222318830.8785,-420221838810.7882,572.999999999998,17249114791873.748,15619076385262.775,1530249972554.2998
3090.0,-422408310873.6253,-422407828356.4756,575.5000000000026,17249114791873.748,15619076385262.775,1530249972554.2998
3100.0,-286005313266.30176,-286004986555.518,578.0000000000035,11529008526564.604,10521148462648.469,944670985122.922
3110.0,-287467470466.87885,-287467142085.8375,580.4999999999945,11529008526564.604,10521148462648.469,944670985122.922
3120.0,-193369802232.46295,-193369581346.73206,582.9999999999999,7661612481793.376,7041537257888.53,580277291857.5972
3130.0,-194341484640.29178,-194341262644.61105,585.5000000000003,7661612481793.376,7041537257888.53,580277291857.5972
3140.0,-195309724971.06827,-195309501869.36957,588.0000000000034,7661612481793.376,7041537257888.53,580277291857.5972
3150.0,-130592452921.31247,-130592303740.39133,590.4999999999978,5049763423423.59,4685129673916.867,340413757153.20435
3160.0,-131232109965.69966,-131231960054.07298,592.9999999999983,5049763423423.59,4685129673916.867,340413757153.20435
3170.0,-131869489976.94722,-131869339337.21617,595.5000000000043,5049763423423.59,4685129673916.867,340413757153.20435
3180.0,-132504597650.31828,-132504446285.07863,598.0000000000014,5049763423423.59,4685129673916.867,340413757153.20435
3190.0,-133137437824.2939,-133137285736.1359,600.4999999999985,5049763423423.59,4685129673916.867,340413757153.20435
3200.0,-88192215985.707,-88192115242.6865,603.0000000000015,3285919103689.8647,3088869687311.5396,183219299939.88672
3210.0,-88606462649.7657,-88606361433.54628,605.5000000000061,3285919103689.8647,3088869687311.5396,183219299939.88672
3220.0,-89019224472.59987,-89019122784.8777,608.0000000000015,3285919103689.8647,3088869687311.5396,183219299939.88672
3230.0,-89430504989.41388,-89430402831.88107,610.4999999999942,3285919103689.8647,3088869687311.5396,183219299939.88672
3240.0,-89840307814.03758,-89840205188.38213,612.9999999999966,3285919103689.8647,3088869687311.5396,183219299939.88672
3250.0,-90248636636.01883,-90248533543.92448,615.5000000000013,3285919103689.8647,3088869687311.5396,183219299939.88672
3260.0,-90655495217.79456,-90655391660.9408,617.9999999999999,3285919103689.8647,3088869687311.5396,183219299939.88672
3270.0,-59118626269.72266,-59118558740.2635,620.4999999999972,2103546578224.5447,2005358588940.0579,90774086372.46167
3280.0,-59380865829.20639,-59380798000.19873,623.0000000000013,2103546578224.5447,2005358588940.0579,90774086372.46167
3290.0,-59642158472.36131,-59642090344.8868,625.5000000000036,2103546578224.5447,2005358588940.0579,90774086372.46167
3300.0,-59902506813.738014,-59902438388.87528,627.9999999999995,2103546578224.5447,2005358588940.0579,90774086372.46167
3310.0,-60161913506.74866,-60161844785.57333,630.4999999999933,2103546578224.5447,2005358588940.0579,90774086372.46167
3320.0,-60420381242.11105,-60420312225.69567,632.9999999999951,2103546578224.5447,2005358588940.0579,90774086372.46167
3330.0,-60677912746.33526,-60677843435.74925,635.4999999999986,2103546578224.5447,2005358588940.0579,90774086372.46167
3340.0,-60934510780.25189,-60934441176.56153,637.9999999999989,2103546578224.5447,2005358588940.0579,90774086372.46167
3350.0,-61190178137.580536,-61190108241.848915,640.4999999999962,2103546578224.5447,2005358588940.0579,90774086372.46167
3360.0,-61444917643.537895,-61444847456.82487,643.0000000000014,2103546578224.5447,2005358588940.0579,90774086372.46167
3370.0,-39229776690.79261,-39229731877.747505,645.5000000000015,1318951044405.7585,1275062985562.0776,40237216193.137054
3380.0,-39390572738.92597,-39390527742.19996,647.999999999998,1318951044405.7585,1275062985562.0776,40237216193.137054
3390.0,-39550784333.97557,-39550739154.2363,650.499999999993,1318951044405.7585,1275062985562.0776,40237216193.137054
3400.0,-39710413344.02718,-39710367981.94015,652.9999999999928,1318951044405.7585,1275062985562.0776,40237216193.137054
3410.0,-39869461653.121086,-39869416109.34963,655.4999999999952,1318951044405.7585,1275062985562.0776,40237216193.137054
3420.0,-40027931160.50414,-40027885435.70946,658.0000000000016,1318951044405.7585,1275062985562.0776,40237216193.137054
3430.0,-40185823779.90261,-40185777874.74368,660.4999999999949,1318951044405.7585,1275062985562.0776,40237216193.137054
3440.0,-40343141438.8153,-40343095353.94891,663.0000000000019,1318951044405.7585,1275062985562.0776,40237216193.137054
3450.0,-40499886077.82643,-40499839813.907166,665.4999999999986,1318951044405.7585,1275062985562.0776,40237216193.137054
3460.0,-40656059649.93768,-40656013207.617874,667.9999999999968,1318951044405.7585,1275062985562.0776,40237216193.137054
3470.0,-40811664119.91911,-40811617499.848854,670.5000000000053,1318951044405.7585,1275062985562.0776,40237216193.137054
3480.0,-40966701463.6782,-40966654666.50534,672.9999999999918,1318951044405.7585,1275062985562.0776,40237216193.137054
3490.0,-41121173667.64669,-41121126694.016815,675.5000000000072,1318951044405.7585,1275062985562.0776,40237216193.137054
3500.0,-41275082728.18487,-41275035578.74125,678.0000000000014,1318951044405.7585,1275062985562.0776,40237216193.137054
3510.0,-41428430651.002426,-41428383326.38606,680.5000000000067,1318951044405.7585,1275062985562.0776,40237216193.137054
3520.0,-25701404620.38711,-25701375260.925556,683.0000000000014,804922952010.2911,788118052839.6698,15211964665.675362
3530.0,-25795499227.194923,-25795469760.246365,685.4999999999962,804922952010.2911,788118052839.6698,15211964665.675362
3540.0,-25889250744.504932,-25889221170.46129,687.9999999999947,804922952010.2911,788118052839.6698,15211964665.675362
3550.0,-25982660431.785076,-25982630751.03683,690.5000000000038,804922952010.2911,788118052839.6698,15211964665.675362
3560.0,-26075729552.64,-26075699765.57619,692.9999999999902,804922952010.2911,788118052839.6698,15211964665.675362
3570.0,-26168459374.51024,-26168429481.518463,695.5000000000065,804922952010.2911,788118052839.6698,15211964665.675362
3580.0,-26260851168.380116,-26260821169.846504,697.9999999999995,804922952010.2911,788118052839.6698,15211964665.675362
3590.0,-26352906208.49401,-26352876104.803253,700.5000000000045,804922952010.2911,788118052839.6698,15211964665.675362
3600.0,-26444625772.080956,-26444595563.616276,703.0000000000006,804922952010.2911,788118052839.6698,15211964665.675362
3610.0,-26536011139.087082,-26535980826.23024,705.499999999995,804922952010.2911,788118052839.6698,15211964665.675362
3620.0,-26627063591.916008,-26627033175.047302,707.9999999999924,804922952010.2911,788118052839.6698,15211964665.675362
3630.0,-26717784415.176727,-26717753894.674988,710.500000000008,804922952010.2911,788118052839.6698,15211964665.675362
3640.0,-26808174895.438927,-26808144271.681515,712.9999999999877,804922952010.2911,788118052839.6698,15211964665.675362
3650.0,-26898236320.99551,-26898205594.358315,715.5000000000064,804922952010.2911,788118052839.6698,15211964665.675362
3660.0,-26987969981.632088,-26987939152.48952,717.9999999999974,804922952010.2911,788118052839.6698,15211964665.675362
3670.0,-27077377168.40337,-27077346237.128376,720.5000000000035,804922952010.2911,788118052839.6698,15211964665.675362
3680.0,-27166459173.41614,-27166428140.380184,722.9999999999995,804922952010.2911,788118052839.6698,15211964665.675362
3690.0,-27255217289.61877,-27255186155.191837,725.4999999999923,804922952010.2911,788118052839.6698,15211964665.675362
3700.0,-27343652810.596977,-27343621575.14758,727.99999999999,804922952010.2911,788118052839.6698,15211964665.675362
3710.0,-27431767030.375782,-27431735694.270947,730.5000000000065,804922952010.2911,788118052839.6698,15211964665.675362
3720.0,-27519561243.227425,-27519529806.83271,732.9999999999858,804922952010.2911,788118052839.6698,15211964665.675362
3730.0,-27607036743.4851,-27607005207.164577,735.5000000000052,804922952010.2911,788118052839.6698,15211964665.675362
3740.0,-27694194825.36239,-27694163189.478657,737.9999999999957,804922952010.2911,788118052839.6698,15211964665.675362
3750.0,-16532008706.469837,-16531989821.623724,740.5000000000018,474282777885.02496,468995257925.89386,4692399329.316923
3760.0,-16583499484.813452,-16583480541.148386,742.9999999999986,474282777885.02496,468995257925.89386,4692399329.316923
3770.0,-16634803682.073692,-16634784679.80281,745.4999999999902,474282777885.02496,468995257925.89386,4692399329.316923
3780.0,-16685922067.11956,-16685903006.455118,747.999999999988,474282777885.02496,468995257925.89386,4692399329.316923
3790.0,-16736855408.259222,-16736836289.4126,750.5000000000045,474282777885.02496,468995257925.89386,4692399329.316923
3800.0,-16787604473.15101,-16787585296.33271,752.9999999999833,474282777885.02496,468995257925.89386,4692399329.316923
3810.0,-16838170028.717272,-16838150794.13692,755.5000000000038,474282777885.02496,468995257925.89386,4692399329.316923
3820.0,-16888552841.060905,-16888533548.927254,757.9999999999936,474282777885.02496,468995257925.89386,4692399329.316923
3830.0,-16938753675.384594,-16938734325.905521,760.4999999999995,474282777885.02496,468995257925.89386,4692399329.316923
3840.0,-16988773295.912611,-16988753889.295118,762.9999999999975,474282777885.02496,468995257925.89386,4692399329.316923
3850.0,-17038612465.815126,-17038593002.265348,765.4999999999876,474282777885.02496,468995257925.89386,4692399329.316923
3860.0,-17088271947.135014,-17088252426.85821,767.9999999999931,474282777885.02496,468995257925.89386,4692399329.316923
3870.0,-17137752500.717005,-17137732923.917568,770.5000000000041,474282777885.02496,468995257925.89386,4692399329.316923
3880.0,-17187054886.1392,-17187035253.020657,773.000000000011,474282777885.02496,468995257925.89386,4692399329.316923
3890.0,-17236179861.646816,-17236160172.411827,775.5000000000113,474282777885.02496,468995257925.89386,4692399329.316923
3900.0,-17285128184.088177,-17285108438.938534,777.9999999999962,474282777885.02496,468995257925.89386,4692399329.316923
3910.0,-17333900608.852825,-17333880807.98946,780.4999999999986,474282777885.02496,468995257925.89386,4692399329.316923
3920.0,-17382497889.81171,-17382478033.434692,783.0000000000143,474282777885.02496,468995257925.89386,4692399329.316923
3930.0,-17430920779.259476,-17430900867.56802,785.4999999999942,474282777885.02496,468995257925.89386,4692399329.316923
3940.0,-17479170027.85866,-17479150061.051117,788.0000000000144,474282777885.02496,468995257925.89386,4692399329.316923
3950.0,-17527246384.58585,-17527226362.85972,790.500000000002,474282777885.02496,468995257925.89386,4692399329.316923
3960.0,-17575150596.67973,-17575130520.23165,793.0000000000086,474282777885.02496,468995257925.89386,4692399329.316923
3970.0,-17622883409.59094,-17622863278.616707,795.5000000000101,474282777885.02496,468995257925.89386,4692399329.316923
3980.0,-17670445566.933723,-17670425381.62828,797.9999999999936,474282777885.02496,468995257925.89386,4692399329.316923
3990.0,-17717837810.439312,-17717817570.996758,800.4999999999962,474282777885.02496,468995257925.89386,4692399329.316923
4000.0,-17765060879.910965,-17765040586.524548,803.0000000000124,474282777885.02496,468995257925.89386,4692399329.316923
4010.0,-17812115513.18071,-17812095166.04284,805.4999999999919,474282777885.02496,468995257925.89386,4692399329.316923
4020.0,-17859002446.067616,-17858982045.369858,808.0000000000128,474282777885.02496,468995257925.89386,4692399329.316923
4030.0,-17905722412.337677,-17905701958.270763,810.5000000000002,474282777885.02496,468995257925.89386,4692399329.316923
4040.0,-17952276143.66517,-17952255636.41899,813.0000000000064,474282777885.02496,468995257925.89386,4692399329.316923
4050.0,-17998664369.5955,-17998643809.35912,815.5000000000088,474282777885.02496,468995257925.89386,4692399329.316923
4060.0,-18044887817.509514,-18044867204.471157,817.9999999999909,474282777885.02496,468995257925.89386,4692399329.316923
4070.0,-18090947212.58913,-18090926546.9362,820.4999999999937,474282777885.02496,468995257925.89386,4692399329.316923
4080.0,-18136843277.7844,-18136822559.703472,823.0000000000102,474282777885.02496,468995257925.89386,4692399329.316923
4090.0,-18182576733.78187,-18182555963.4587,825.4999999999894,474282777885.02496,468995257925.89386,4692399329.316923
4100.0,-18228148298.974213,-18228127476.593723,828.0000000000111,474282777885.02496,468995257925.89386,4692399329.316923
4110.0,-18273558689.431103,-18273537815.17741,830.4999999999981,474282777885.02496,468995257925.89386,4692399329.316923
4120.0,-18318808618.871372,-18318787692.927776,833.0000000000041,474282777885.02496,468995257925.89386,4692399329.316923
4130.0,-10386937873.071571,-10386926007.559107,835.500000000012,266544020429.6215,265271806392.08835,1092709719.035784
4140.0,-10412351700.209478,-10412339805.665543,837.9999999999903,266544020429.6215,265271806392.08835,1092709719.035784
4150.0,-10437675970.778078,-10437664047.304976,840.4999999999915,266544020429.6215,265271806392.08835,1092709719.035784
4160.0,-10462911083.005665,-10462899130.705246,843.0000000000102,266544020429.6215,265271806392.08835,1092709719.035784
4170.0,-10488057433.721668,-10488045452.695332,845.4999999999873,266544020429.6215,265271806392.08835,1092709719.035784
4180.0,-10513115418.344635,-10513103408.693325,848.0000000000116,266544020429.6215,265271806392.08835,1092709719.035784
4190.0,-10538085430.870777,-10538073392.694986,850.4999999999961,266544020429.6215,265271806392.08835,1092709719.035784
4200.0,-10562967863.863073,-10562955797.26285,853.0000000000039,266544020429.6215,265271806392.08835,1092709719.035784
4210.0,-10587763108.440908,-10587751013.515852,855.5000000000108,266544020429.6215,265271806392.08835,1092709719.035784
4220.0,-10612471554.270243,-10612459431.119507,857.9999999999878,266544020429.6215,265271806392.08835,1092709719.035784
4230.0,-10637093589.554272,-10637081438.27657,860.4999999999894,266544020429.6215,265271806392.08835,1092709719.035784
4240.0,-10661629601.024601,-10661617421.718199,863.0000000000089,266544020429.6215,265271806392.08835,1092709719.035784
4250.0,-10686079973.932886,-10686067766.695616,865.4999999999852,266544020429.6215,265271806392.08835,1092709719.035784
4260.0,-10710445092.042942,-10710432856.972193,868.0000000000102,266544020429.6215,265271806392.08835,1092709719.035784
4270.0,-10734725337.623316,-10734713074.816042,870.4999999999943,266544020429.6215,265271806392.08835,1092709719.035784
4280.0,-10758921091.440289,-10758908800.99301,873.0000000000018,266544020429.6215,265271806392.08835,1092709719.035784
4290.0,-10783032732.751312,-10783020414.760113,875.5000000000174,266544020429.6215,265271806392.08835,1092709719.035784
4300.0,-10807060639.298864,-10807048293.8594,877.999999999986,266544020429.6215,265271806392.08835,1092709719.035784
4310.0,-10831005187.304707,-10830992814.512201,880.5000000000172,266544020429.6215,265271806392.08835,1092709719.035784
4320.0,-10854866751.464537,-10854854351.413788,883.0000000000072,266544020429.6215,265271806392.08835,1092709719.035784
4330.0,-10878645704.94302,-10878633277.728397,885.499999999991,266544020429.6215,265271806392.08835,1092709719.035784
4340.0,-10902342419.36921,-10902329965.08466,888.0000000000142,266544020429.6215,265271806392.08835,1092709719.035784
4350.0,-10925957264.832296,-10925944783.57134,890.4999999999928,266544020429.6215,265271806392.08835,1092709719.035784
4360.0,-10949490609.87775,-10949478101.733492,893.0000000000006,266544020429.6215,265271806392.08835,1092709719.035784
4370.0,-10972942821.503761,-10972930286.568882,895.5000000000163,266544020429.6215,265271806392.08835,1092709719.035784
4380.0,-10996314265.158041,-10996301703.524807,897.999999999984,266544020429.6215,265271806392.08835,1092709719.035784
4390.0,-11019605304.73494,-11019592716.4952,900.5000000000165,266544020429.6215,265271806392.08835,1092709719.035784
4400.0,-11042816302.572866,-11042803687.818058,903.000000000006,266544020429.6215,265271806392.08835,1092709719.035784
4410.0,-11065947619.452028,-11065934978.273172,905.4999999999885,266544020429.6215,265271806392.08835,1092709719.035784
4420.0,-11088999614.592438,-11088986947.080147,908.0000000000127,266544020429.6215,265271806392.08835,1092709719.035784
4430.0,-11111972645.65224,-11111959951.896723,910.499999999991,266544020429.6215,265271806392.08835,1092709719.035784
4440.0,-11134867068.726301,-11134854348.81735,912.9999999999985,266544020429.6215,265271806392.08835,1092709719.035784
4450.0,-11157683238.34505,-11157670492.372063,915.5000000000148,266544020429.6215,265271806392.08835,1092709719.035784
4460.0,-11180421507.47362,-11180408735.525583,917.9999999999818,266544020429.6215,265271806392.08835,1092709719.035784
4470.0,-11203082227.511196,-11203069429.6767,920.5000000000156,266544020429.6215,265271806392.08835,1092709719.035784
4480.0,-11225665748.290665,-11225652924.657896,923.0000000000041,266544020429.6215,265271806392.08835,1092709719.035784
4490.0,-11248172418.078445,-11248159568.735197,925.4999999999861,266544020429.6215,265271806392.08835,1092709719.035784
4500.0,-11270602583.574594,-11270589708.60826,928.0000000000114,266544020429.6215,265271806392.08835,1092709719.035784
4510.0,-11292956589.913122,-11292943689.4107,930.4999999999891,266544020429.6215,265271806392.08835,1092709719.035784
4520.0,-11315234780.662512,-11315221854.710611,932.9999999999965,266544020429.6215,265271806392.08835,1092709719.035784
4530.0,-11337437497.82648,-11337424546.51132,935.500000000013,266544020429.6215,265271806392.08835,1092709719.035784
4540.0,-11359565081.844917,-11359552105.252323,937.9999999999794,266544020429.6215,265271806392.08835,1092709719.035784
4550.0,-11381617871.595034,-11381604869.810448,940.5000000000144,266544020429.6215,265271806392.08835,1092709719.035784
4560.0,-11403596204.392706,-11403583177.501184,943.0000000000022,266544020429.6215,265271806392.08835,1092709719.035784
4570.0,-11425500415.99399,-11425487364.080206,945.4999999999806,266544020429.6215,265271806392.08835,1092709719.035784
4580.0,-11447330840.596855,-11447317763.745096,948.0000000000095,266544020429.6215,265271806392.08835,1092709719.035784
4590.0,-11469087810.843027,-11469074709.137205,950.4999999999877,266544020429.6215,265271806392.08835,1092709719.035784
4600.0,-11490771657.820074,-11490758531.343723,952.9999999999942,266544020429.6215,265271806392.08835,1092709719.035784
4610.0,-11512382711.063602,-11512369559.899878,955.5000000000128,266544020429.6215,265271806392.08835,1092709719.035784
4620.0,-11533921298.559635,-11533908122.791319,957.9999999999873,266544020429.6215,265271806392.08835,1092709719.035784
4630.0,-11555387746.747145,-11555374546.456642,960.5000000000196,266544020429.6215,265271806392.08835,1092709719.035784
4640.0,-11576782380.520721,-11576769155.790071,963.0000000000001,266544020429.6215,265271806392.08835,1092709719.035784
4650.0,-11598105523.23339,-11598092274.144262,965.4999999999797,266544020429.6215,265271806392.08835,1092709719.035784
4660.0,-11619357496.699585,-11619344223.333277,968.0000000000184,266544020429.6215,265271806392.08835,1092709719.035784
4670.0,-11640538621.198227,-11640525323.635674,970.4999999999876,266544020429.6215,265271806392.08835,1092709719.035784
4680.0,-11661649215.47595,-11661635893.79772,972.9999999999918,266544020429.6215,265271806392.08835,1092709719.035784
4690.0,-11682689596.750458,-11682676251.03676,975.5000000000131,266544020429.6215,265271806392.08835,1092709719.035784
4700.0,-11703660080.713984,-11703646711.044666,977.999999999985,266544020429.6215,265271806392.08835,1092709719.035784
4710.0,-11724560981.53689,-11724547587.991442,980.5000000000205,266544020429.6215,265271806392.08835,1092709719.035784
4720.0,-11745392611.871353,-11745379194.528902,982.999999999998,266544020429.6215,265271806392.08835,1092709719.035784
4730.0,-11766155282.855179,-11766141841.794502,985.4999999999794,266544020429.6215,265271806392.08835,1092709719.035784
4740.0,-11786849304.115719,-11786835839.415241,988.0000000000223,266544020429.6215,265271806392.08835,1092709719.035784
4750.0,-11807474983.773897,-11807461495.511686,990.4999999999868,266544020429.6215,265271806392.08835,1092709719.035784
4760.0,-11828032628.448296,-11828019116.70207,993.000000000025,266544020429.6215,265271806392.08835,1092709719.035784
4770.0,-11848522543.259396,-11848509008.106527,995.5000000000111,266544020429.6215,265271806392.08835,1092709719.035784
4780.0,-11868945031.83385,-11868931473.351366,997.9999999999881,266544020429.6215,265271806392.08835,1092709719.035784
4790.0,-11889300396.308893,-11889286814.57347,1000.500000000019,266544020429.6215,265271806392.08835,1092709719.035784
4800.0,-11909588937.336784,-11909575332.424757,1002.9999999999961,266544020429.6215,265271806392.08835,1092709719.035784
4810.0,-6305591575.441442,-6305584372.291971,1005.4999999999776,140432188923.331,140211414416.69507,179343736.51147038
4820.0,-6316245070.388091,-6316237855.068674,1008.0000000000196,140432188923.331,140211414416.69507,179343736.51147038
4830.0,-6326863717.348676,-6326856489.89912,1010.4999999999849,140432188923.331,140211414416.69507,179343736.51147038
4840.0,-6337447672.120143,-6337440432.580078,1013.0000000000288,140432188923.331,140211414416.69507,179343736.51147038
4850.0,-6347997089.726982,-6347989838.135862,1015.5000000000072,140432188923.331,140211414416.69507,179343736.51147038
4860.0,-6358512124.423818,-6358504860.82092,1017.9999999999858,140432188923.331,140211414416.69507,179343736.51147038
4870.0,-6368992929.698042,-6368985654.122468,1020.5000000000175,140432188923.331,140211414416.69507,179343736.51147038
4880.0,-6379439658.272484,-6379432370.763161,1022.999999999997,140432188923.331,140211414416.69507,179343736.51147038
4890.0,-6389852462.108088,-6389845162.703769,1025.499999999974,140432188923.331,140211414416.69507,179343736.51147038
4900.0,-6400231492.4066515,-6400224181.145919,1028.0000000000184,140432188923.331,140211414416.69507,179343736.51147038
4910.0,-6410576899.61357,-6410569576.534832,1030.4999999999861,140432188923.331,140211414416.69507,179343736.51147038
4920.0,-6420888833.420615,-6420881498.56211,1033.0000000000234,140432188923.331,140211414416.69507,179343736.51147038
4930.0,-6431167442.768737,-6431160096.168532,1035.5000000000061,140432188923.331,140211414416.69507,179343736.51147038
4940.0,-6441412875.850894,-6441405517.546889,1037.999999999987,140432188923.331,140211414416.69507,179343736.51147038
4950.0,-6451625280.114914,-6451617910.144839,1040.5000000000127,140432188923.331,140211414416.69507,179343736.51147038
4960.0,-6461804802.266352,-6461797420.6677685,1042.9999999999948,140432188923.331,140211414416.69507,179343736.51147038
4970.0,-6471951588.271398,-6471944195.081703,1045.4999999999768,140432188923.331,140211414416.69507,179343736.51147038
4980.0,-6482065783.359787,-6482058378.616211,1048.0000000000127,140432188923.331,140211414416.69507,179343736.51147038
4990.0,-6492147532.027739,-6492140115.767345,1050.4999999999839,140432188923.331,140211414416.69507,179343736.51147038
5000.0,-6502196978.040907,-6502189550.300598,1053.000000000024,140432188923.331,140211414416.69507,179343736.51147038
5010.0,-6512214264.437349,-6512206825.253861,1055.500000000001,140432188923.331,140211414416.69507,179343736.51147038
5020.0,-6522199533.530513,-6522192082.940422,1057.9999999999845,140432188923.331,140211414416.69507,179343736.51147038
5030.0,-6532152926.912244,-6532145464.9519615,1060.500000000012,140432188923.331,140211414416.69507,179343736.51147038
5040.0,-6542074585.455784,-6542067112.161563,1062.9999999999966,140432188923.331,140211414416.69507,179343736.51147038
5050.0,-6551964649.318829,-6551957164.726761,1065.4999999999768,140432188923.331,140211414416.69507,179343736.51147038
5060.0,-6561823257.946539,-6561815762.092557,1068.0000000000111,140432188923.331,140211414416.69507,179343736.51147038
5070.0,-6571650550.0746155,-6571643042.9944935,1070.4999999999852,140432188923.331,140211414416.69507,179343736.51147038
5080.0,-6581446663.732353,-6581439145.461707,1073.0000000000193,140432188923.331,140211414416.69507,179343736.51147038
5090.0,-6591211736.245723,-6591204206.820012,1075.5000000000018,140432188923.331,140211414416.69507,179343736.51147038
5100.0,-6600945904.240444,-6600938363.694975,1077.9999999999852,140432188923.331,140211414416.69507,179343736.51147038
5110.0,-6610649303.645094,-6610641752.015012,1080.5000000000073,140432188923.331,140211414416.69507,179343736.51147038
5120.0,-6620322069.694194,-6620314507.014493,1082.9999999999945,140432188923.331,140211414416.69507,179343736.51147038
5130.0,-6629964336.931321,-6629956763.236843,1085.4999999999764,140432188923.331,140211414416.69507,179343736.51147038
5140.0,-6639576239.212228,-6639568654.537659,1088.0000000000068,140432188923.331,140211414416.69507,179343736.51147038
5150.0,-6649157909.707958,-6649150314.087832,1090.4999999999877,140432188923.331,140211414416.69507,179343736.51147038
5160.0,-6658709480.907971,-6658701874.376675,1093.0000000000164,140432188923.331,140211414416.69507,179343736.51147038
5170.0,-6668231084.623277,-6668223467.21504,1095.5000000000027,140432188923.331,140211414416.69507,179343736.51147038
5180.0,-6677722851.989564,-6677715223.738472,1097.9999999999834,140432188923.331,140211414416.69507,179343736.51147038
5190.0,-6687184913.470345,-6687177274.410332,1100.500000000009,140432188923.331,140211414416.69507,179343736.51147038
5200.0,-6696617398.860086,-6696609749.024938,1102.9999999999914,140432188923.331,140211414416.69507,179343736.51147038
5210.0,-6706020437.287367,-6706012776.710722,1105.5000000000086,140432188923.331,140211414416.69507,179343736.51147038
5220.0,-6715394157.218004,-6715386485.933354,1108.0000000000057,140432188923.331,140211414416.69507,179343736.51147038
5230.0,-6724738686.458213,-6724731004.498904,1110.4999999999875,140432188923.331,140211414416.69507,179343736.51147038
5240.0,-6734054152.157748,-6734046459.55698,1113.0000000000155,140432188923.331,140211414416.69507,179343736.51147038
5250.0,-6743340680.813048,-6743332977.603877,1115.499999999997,140432188923.331,140211414416.69507,179343736.51147038
5260.0,-6752598398.27039,-6752590684.485728,1117.9999999999864,140432188923.331,140211414416.69507,179343736.51147038
5270.0,-6761827429.729022,-6761819705.40164,1120.500000000006,140432188923.331,140211414416.69507,179343736.51147038
5280.0,-6771027899.744324,-6771020164.906847,1122.9999999999961,140432188923.331,140211414416.69507,179343736.51147038
5290.0,-6780199932.230935,-6780192186.915851,1125.500000000007,140432188923.331,140211414416.69507,179343736.51147038
5300.0,-6789343650.465905,-6789335894.705557,1128.0000000000025,140432188923.331,140211414416.69507,179343736.51147038
5310.0,-6798459177.091831,-6798451410.918423,1130.499999999987,140432188923.331,140211414416.69507,179343736.51147038
5320.0,-6807546634.119989,-6807538857.565586,1133.0000000000127,140432188923.331,140211414416.69507,179343736.51147038
5330.0,-6816606142.93347,-6816598356.03,1135.5000000000034,140432188923.331,140211414416.69507,179343736.51147038
5340.0,-6825637824.290307,-6825630027.069556,1137.9999999999861,140432188923.331,140211414416.69507,179343736.51147038
5350.0,-6834641798.326602,-6834633990.820223,1140.500000000012,140432188923.331,140211414416.69507,179343736.51147038
5360.0,-6843618184.559644,-6843610366.799151,1142.999999999992,140432188923.331,140211414416.69507,179343736.51147038
5370.0,-6852567101.891027,-6852559273.907801,1145.500000000006,140432188923.331,140211414416.69507,179343736.51147038
5380.0,-6861488668.609762,-6861480830.435044,1148.0000000000064,140432188923.331,140211414416.69507,179343736.51147038
5390.0,-6870383002.395379,-6870375154.06028,1150.4999999999948,140432188923.331,140211414416.69507,179343736.51147038
5400.0,-6879250220.321028,-6879242361.856523,1153.0000000000118,140432188923.331,140211414416.69507,179343736.51147038
5410.0,-6888090438.856574,-6888082570.293507,1155.499999999997,140432188923.331,140211414416.69507,179343736.51147038
5420.0,-6896903773.871689,-6896895895.240768,1157.9999999999834,140432188923.331,140211414416.69507,179343736.51147038
5430.0,-6905690340.638923,-6905682451.970727,1160.5000000000102,140432188923.331,140211414416.69507,179343736.51147038
5440.0,-6914450253.836791,-6914442355.161769,1162.9999999999968,140432188923.331,140211414416.69507,179343736.51147038
5450.0,-6923183627.552832,-6923175718.901299,1165.500000000003,140432188923.331,140211414416.69507,179343736.51147038
5460.0,-6931890575.286672,-6931882656.688817,1167.9999999999975,140432188923.331,140211414416.69507,179343736.51147038
5470.0,-6940571209.953076,-6940563281.438958,1170.4999999999952,140432188923.331,140211414416.69507,179343736.51147038
5480.0,-6949225643.884998,-6949217705.484546,1173.0000000000075,140432188923.331,140211414416.69507,179343736.51147038
5490.0,-6957853988.836612,-6957846040.579629,1175.5000000000016,140432188923.331,140211414416.69507,179343736.51147038
5500.0,-6966456355.986344,-6966448397.902506,1177.9999999999836,140432188923.331,140211414416.69507,179343736.51147038
5510.0,-6975032855.93989,-6975024888.058746,1180.5000000000134,140432188923.331,140211414416.69507,179343736.51147038
5520.0,-6983583598.733234,-6983575621.084208,1182.9999999999895,140432188923.331,140211414416.69507,179343736.51147038
5530.0,-6992108693.835645,-6992100706.448033,1185.5000000000032,140432188923.331,140211414416.69507,179343736.51147038
5540.0,-7000608250.152672,-7000600253.05565,1188.0000000000007,140432188923.331,140211414416.69507,179343736.51147038
5550.0,-7009082376.029136,-7009074369.251755,1190.4999999999923,140432188923.331,140211414416.69507,179343736.51147038
5560.0,-7017531179.252092,-7017523162.823278,1193.0000000000073,140432188923.331,140211414416.69507,179343736.51147038
5570.0,-7025954767.053813,-7025946741.002371,1195.4999999999936,140432188923.331,140211414416.69507,179343736.51147038
5580.0,-7034353246.11473,-7034345210.469343,1198.0000000000132,140432188923.331,140211414416.69507,179343736.51147038
5590.0,-7042726722.566387,-7042718677.355617,1200.5000000000048,140432188923.331,140211414416.69507,179343736.51147038
5600.0,-7051075301.994379,-7051067247.246666,1202.9999999999995,140432188923.331,140211414416.69507,179343736.51147038
5610.0,-7059399089.441273,-7059391025.1849375,1205.4999999999995,140432188923.331,140211414416.69507,179343736.51147038
5620.0,-7067698189.409526,-7067690115.6727705,1208.0000000000066,140432188923.331,140211414416.69507,179343736.51147038
5630.0,-7075972705.864399,-7075964622.675306,1210.4999999999934,140432188923.331,140211414416.69507,179343736.51147038
5640.0,-7084222742.236836,-7084214649.623371,1213.000000000006,140432188923.331,140211414416.69507,179343736.51147038
5650.0,-7092448401.426363,-7092440299.416372,1215.5000000000002,140432188923.331,140211414416.69507,179343736.51147038
5660.0,-7100649785.803957,-7100641674.425171,1218.000000000013,140432188923.331,140211414416.69507,179343736.51147038
5670.0,-7108826997.214909,-7108818876.494941,1220.5000000000084,140432188923.331,140211414416.69507,179343736.51147038
5680.0,-7116980136.981673,-7116972006.948022,1222.9999999999911,140432188923.331,140211414416.69507,179343736.51147038
5690.0,-7125109305.9067135,-7125101166.586761,1225.4999999999998,140432188923.331,140211414416.69507,179343736.51147038
5700.0,-7133214604.275331,-7133206455.696346,1227.9999999999952,140432188923.331,140211414416.69507,179343736.51147038
5710.0,-7141296131.8584795,-7141287974.047617,1230.4999999999905,140432188923.331,140211414416.69507,179343736.51147038
5720.0,-7149353987.915576,-7149345820.899877,1233.000000000005,140432188923.331,140211414416.69507,179343736.51147038
5730.0,-7157388271.197295,-7157380095.003687,1235.4999999999889,140432188923.331,140211414416.69507,179343736.51147038
5740.0,-7165399079.948356,-7165390894.603656,1238.000000000009,140432188923.331,140211414416.69507,179343736.51147038
5750.0,-7173386511.910291,-7173378317.441202,1240.4999999999989,140432188923.331,140211414416.69507,179343736.51147038
5760.0,-7181350664.324208,-7181342460.757324,1242.999999999997,140432188923.331,140211414416.69507,179343736.51147038
5770.0,-7189291633.933539,-7189283421.295343,1245.4999999999975,140432188923.331,140211414416.69507,179343736.51147038
5780.0,-7197209516.98678,-7197201295.303644,1248.000000000006,140432188923.331,140211414416.69507,179343736.51147038
5790.0,-7205104409.240209,-7205096178.538396,1250.4999999999918,140432188923.331,140211414416.69507,179343736.51147038
5800.0,-7212976405.960612,-7212968166.266278,1253.0000000000098,140432188923.331,140211414416.69507,179343736.51147038
5810.0,-7220825601.927975,-7220817353.267165,1255.5000000000007,140432188923.331,140211414416.69507,179343736.51147038
5820.0,-7228652091.438172,-7228643833.836827,1258.00000000001,140432188923.331,140211414416.69507,179343736.51147038
5830.0,-7236455968.305655,-7236447701.789603,1260.5000000000045,140432188923.331,140211414416.69507,179343736.51147038
5840.0,-7244237325.8661,-7244229050.461069,1262.9999999999895,140432188923.331,140211414416.69507,179343736.51147038
5850.0,-7251996256.979082,-7251987972.710688,1265.4999999999966,140432188923.331,140211414416.69507,179343736.51147038
5860.0,-7259732854.030695,-7259724560.924452,1267.9999999999914,140432188923.331,140211414416.69507,179343736.51147038
5870.0,-7267447208.9362,-7267438907.017516,1270.4999999999845,140432188923.331,140211414416.69507,179343736.51147038
5880.0,-7275139413.142623,-7275131102.436803,1272.999999999999,140432188923.331,140211414416.69507,179343736.51147038
5890.0,-7282809557.631375,-7282801238.163618,1275.4999999999861,140432188923.331,140211414416.69507,179343736.51147038
5900.0,-7290457732.920837,-7290449404.716239,1278.0000000000075,140432188923.331,140211414416.69507,179343736.51147038
5910.0,-7298084029.068936,-7298075692.152491,1280.4999999999927,140432188923.331,140211414416.69507,179343736.51147038
5920.0,-7305688535.675717,-7305680190.072315,1282.9999999999945,140432188923.331,140211414416.69507,179343736.51147038
5930.0,-7313271341.8859005,-7313262987.620332,1285.4999999999939,140432188923.331,140211414416.69507,179343736.51147038
5940.0,-7320832536.391418,-7320824173.488371,1288.000000000004,140432188923.331,140211414416.69507,179343736.51147038
5950.0,-7328372207.433944,-7328363835.918004,1290.4999999999893,140432188923.331,140211414416.69507,179343736.51147038
5960.0,-7335890442.807421,-7335882062.703076,1293.0000000000052,140432188923.331,140211414416.69507,179343736.51147038
5970.0,-7343387329.860554,-7343378941.192192,1295.499999999999,140432188923.331,140211414416.69507,179343736.51147038
5980.0,-7350862955.499308,-7350854558.291216,1298.0000000000057,140432188923.331,140211414416.69507,179343736.51147038
5990.0,-7358317406.189391,-7358309000.465758,1300.4999999999986,140432188923.331,140211414416.69507,179343736.51147038
6000.0,-7365750767.958718,-7365742353.743635,1302.9999999999882,140432188923.331,140211414416.69507,179343736.51147038
6010.0,-7373163126.399866,-7373154703.717326,1305.4999999999943,140432188923.331,140211414416.69507,179343736.51147038
6020.0,-7380554566.672524,-7380546135.546424,1307.9999999999864,140432188923.331,140211414416.69507,179343736.51147038
6030.0,-7387925173.505913,-7387916733.96005,1310.5000000000107,140432188923.331,140211414416.69507,179343736.51147038
6040.0,-7395275031.201214,-7395266583.259291,1312.999999999993,140432188923.331,140211414416.69507,179343736.51147038
6050.0,-7402604223.633965,-7402595767.319588,1315.4999999999843,140432188923.331,140211414416.69507,179343736.51147038
6060.0,-7409912834.256462,-7409904369.593144,1318.0000000000043,140432188923.331,140211414416.69507,179343736.51147038
6070.0,-7417200946.10014,-7417192473.111298,1320.5000000000143,140432188923.331,140211414416.69507,179343736.51147038
6080.0,-7424468641.777932,-7424460160.486887,1322.9999999999995,140432188923.331,140211414416.69507,179343736.51147038
6090.0,-7431716003.486639,-7431707513.916619,1325.5000000000027,140432188923.331,140211414416.69507,179343736.51147038
6100.0,-7438943113.009259,-7438934615.183401,1328.0000000000116,140432188923.331,140211414416.69507,179343736.51147038
6110.0,-7446150051.717331,-7446141545.658676,1330.500000000014,140432188923.331,140211414416.69507,179343736.51147038
6120.0,-7453336900.573251,-7453328386.304748,1333.0000000000075,140432188923.331,140211414416.69507,179343736.51147038
6130.0,-7460503740.132575,-7460495217.677081,1335.5000000000011,140432188923.331,140211414416.69507,179343736.51147038
6140.0,-7467650650.546315,-7467642119.926598,1338.0000000000011,140432188923.331,140211414416.69507,179343736.51147038
6150.0,-7474777711.563225,-7474769172.801958,1340.4999999999939,140432188923.331,140211414416.69507,179343736.51147038
6160.0,-7481885002.532067,-7481876455.651835,1342.9999999999936,140432188923.331,140211414416.69507,179343736.51147038
6170.0,-7488972602.403874,-7488964047.427171,1345.4999999999902,140432188923.331,140211414416.69507,179343736.51147038
6180.0,-7496040589.734187,-7496032026.683416,1347.9999999999911,140432188923.331,140211414416.69507,179343736.51147038
6190.0,-7503089042.685299,-7503080471.582776,1350.5000000000073,140432188923.331,140211414416.69507,179343736.51147038
6200.0,-7510118039.028467,-7510109459.896419,1352.9999999999945,140432188923.331,140211414416.69507,179343736.51147038
6210.0,-7517127656.146132,-7517119069.006695,1355.499999999981,140432188923.331,140211414416.69507,179343736.51147038
6220.0,-7524117971.034104,-7524109375.909328,1358.00000000001,140432188923.331,140211414416.69507,179343736.51147038
6230.0,-7531089060.303757,-7531080457.215605,1360.5000000000118,140432188923.331,140211414416.69507,179343736.51147038
6240.0,-7538041000.1842,-7538032389.154548,1362.999999999997,140432188923.331,140211414416.69507,179343736.51147038
6250.0,-7544973866.524429,-7544965247.575065,1365.499999999999,140432188923.331,140211414416.69507,179343736.51147038
6260.0,-3640643823.3462367,-3640639664.2928443,1368.0000000000102,67619312462.198944,67593671643.43268,18851722.785668805
6270.0,-3643967765.7682953,-3643963602.917648,1370.5000000000095,67619312462.198944,67593671643.43268,18851722.785668805
6280.0,-3647282621.7505007,-3647278455.112978,1373.0000000000025,67619312462.198944,67593671643.43268,18851722.785668805
6290.0,-3650588427.1357718,-3650584256.721714,1375.4999999999995,67619312462.198944,67593671643.43268,18851722.785668805
6300.0,-3653885217.588912,-3653881043.408617,1377.9999999999984,67619312462.198944,67593671643.43268,18851722.785668805
6310.0,-3657173028.5976095,-3657168850.6613355,1380.4999999999911,67619312462.198944,67593671643.43268,18851722.785668805
6320.0,-3660451895.473446,-3660447713.791411,1382.9999999999934,67619312462.198944,67593671643.43268,18851722.785668805
6330.0,-3663721853.352888,-3663717667.9352694,1385.4999999999854,67619312462.198944,67593671643.43268,18851722.785668805
6340.0,-3666982937.1982827,-3666978748.055218,1387.9999999999886,67619312462.198944,67593671643.43268,18851722.785668805
6350.0,-3670235181.798837,-3670230988.9404244,1390.5000000000064,67619312462.198944,67593671643.43268,18851722.785668805
6360.0,-3673478621.7716026,-3673474425.2079,1392.9999999999895,67619312462.198944,67593671643.43268,18851722.785668805
6370.0,-3676713291.5624456,-3676709091.3034725,1395.4999999999761,67619312462.198944,67593671643.43268,18851722.785668805
6380.0,-3679939225.4470177,-3679935021.5027537,1398.0000000000077,67619312462.198944,67593671643.43268,18851722.785668805
6390.0,-3683156457.5317206,-3683152249.912107,1400.5000000000118,67619312462.198944,67593671643.43268,18851722.785668805
6400.0,-3686365021.7546577,-3686360810.469596,1402.999999999995,67619312462.198944,67593671643.43268,18851722.785668805
6410.0,-3689564951.886592,-3689560736.945946,1405.499999999995,67619312462.198944,67593671643.43268,18851722.785668805
6420.0,-3692756281.531891,-3692752062.945486,1408.0000000000107,67619312462.198944,67593671643.43268,18851722.785668805
6430.0,-3695939044.1294646,-3695934821.9070873,1410.5000000000075,67619312462.198944,67593671643.43268,18851722.785668805
6440.0,-3699113272.953704,-3699109047.1051035,1412.9999999999982,67619312462.198944,67593671643.43268,18851722.785668805
6450.0,-3702279001.1154137,-3702274771.6503015,1415.4999999999975,67619312462.198944,67593671643.43268,18851722.785668805
6460.0,-3705436261.5627313,-3705432028.49078,1417.999999999996,67619312462.198944,67593671643.43268,18851722.785668805
6470.0,-3708585087.0820513,-3708580850.4128976,1420.499999999986,67619312462.198944,67593671643.43268,18851722.785668805
6480.0,-3711725510.298938,-3711721270.04218,1423.0000000000148,67619312462.198944,67593671643.43268,18851722.785668805
6490.0,-3714857563.6790323,-3714853319.8442326,1425.4999999999907,67619312462.198944,67593671643.43268,18851722.785668805
6500.0,-3717981279.528961,-3717977032.1256437,1427.9999999999866,67619312462.198944,67593671643.43268,18851722.785668805
6510.0,-3721096689.9972296,-3721092439.0348825,1430.500000000013,67619312462.198944,67593671643.43268,18851722.785668805
6520.0,-3724203827.0751176,-3724199572.563193,1433.000000000021,67619312462.198944,67593671643.43268,18851722.785668805
6530.0,-3727302722.5975666,-3727298464.5454793,1435.4999999999998,67619312462.198944,67593671643.43268,18851722.785668805
6540.0,-3730393408.244065,-3730389146.6611934,1438.0000000000002,67619312462.198944,67593671643.43268,18851722.785668805
6550.0,-3733475915.5395203,-3733471650.435208,1440.5000000000095,67619312462.198944,67593671643.43268,18851722.785668805
6560.0,-3736550275.8551397,-3736546007.238693,1443.0000000000155,67619312462.198944,67593671643.43268,18851722.785668805
6570.0,-3739616520.4092884,-3739612248.28998,1445.5000000000011,67619312462.198944,67593671643.43268,18851722.785668805
6580.0,-3742674680.2683597,-3742670404.6554246,1448.00000000001,67619312462.198944,67593671643.43268,18851722.785668805
6590.0,-3745724786.347628,-3745720507.2502666,1450.5000000000039,67619312462.198944,67593671643.43268,18851722.785668805
6600.0,-3748766869.4121013,-3748762586.8394794,1452.9999999999927,67619312462.198944,67593671643.43268,18851722.785668805
6610.0,-3751800960.0773697,-3751796674.0386176,1455.499999999996,67619312462.198944,67593671643.43268,18851722.785668805
6620.0,-3754827088.8104486,-3754822799.314662,1457.9999999999911,67619312462.198944,67593671643.43268,18851722.785668805
6630.0,-3757845285.930611,-3757840992.986851,1460.4999999999814,67619312462.198944,67593671643.43268,18851722.785668805
6640.0,-3760855581.610227,-3760851285.2275205,1463.000000000011,67619312462.198944,67593671643.43268,18851722.785668805
6650.0,-3763858005.875584,-3763853706.062923,1465.4999999999857,67619312462.198944,67593671643.43268,18851722.785668805
6660.0,-3766852588.6077156,-3766848285.374058,1467.9999999999818,67619312462.198944,67593671643.43268,18851722.785668805
6670.0,-3769839359.5432134,-3769835052.8974833,1470.500000000009,67619312462.198944,67593671643.43268,18851722.785668805
6680.0,-3772818348.275044,-3772814038.226132,1473.0000000000177,67619312462.198944,67593671643.43268,18851722.785668805
6690.0,-3775789584.253355,-3775785270.810118,1475.4999999999968,67619312462.198944,67593671643.43268,18851722.785668805
6700.0,-3778753096.7862797,-3778748779.9575405,1477.9999999999961,67619312462.198944,67593671643.43268,18851722.785668805
6710.0,-3781708915.040732,-3781704594.835281,1480.5000000000066,67619312462.198944,67593671643.43268,18851722.785668805
6720.0,-3784657068.043204,-3784652744.469797,1483.0000000000105,67619312462.198944,67593671643.43268,18851722.785668805
6730.0,-3787597584.680552,-3787593257.747914,1485.499999999996,67619312462.198944,67593671643.43268,18851722.785668805
6740.0,-3790530493.7007823,-3790526163.4176035,1488.0000000000077,67619312462.198944,67593671643.43268,18851722.785668805
6750.0,-3793455823.7138305,-3793451490.0887694,1490.4999999999993,67619312462.198944,67593671643.43268,18851722.785668805
6760.0,-3796373603.192336,-3796369266.2340183,1492.9999999999877,67619312462.198944,67593671643.43268,18851722.785668805
6770.0,-3799283860.4724107,-3799279520.1894293,1495.4999999999936,67619312462.198944,67593671643.43268,18851722.785668805
6780.0,-3802186623.7544074,-3802182280.155324,1497.9999999999861,67619312462.198944,67593671643.43268,18851722.785668805
6790.0,-3805081921.103679,-3805077574.197022,1500.4999999999902,67619312462.198944,67593671643.43268,18851722.785668805
6800.0,-3807969780.4513364,-3807965430.245603,1503.0000000000168,67619312462.198944,67593671643.43268,18851722.785668805
6810.0,-3810850229.594997,-3810845876.098653,1505.4999999999866,67619312462.198944,67593671643.43268,18851722.785668805
6820.0,-3813723296.1995373,-3813718939.4210167,1507.9999999999782,67619312462.198944,67593671643.43268,18851722.785668805
6830.0,-3816589007.7978315,-3816584647.745536,1510.5000000000068,67619312462.198944,67593671643.43268,18851722.785668805
6840.0,-3819447391.79149,-3819443028.473791,1513.0000000000189,67619312462.198944,67593671643.43268,18851722.785668805
6850.0,-3822298475.4515986,-3822294108.8768353,1515.500000000009,67619312462.198944,67593671643.43268,18851722.785668805
6860.0,-3825142285.919442,-3825137916.095924,1517.999999999993,67619312462.198944,67593671643.43268,18851722.785668805
6870.0,-3827978850.207231,-3827974477.143236,1520.5000000000214,67619312462.198944,67593671643.43268,18851722.785668805
6880.0,-3830808195.1988244,-3830803818.9026,1523.00000000001,67619312462.198944,67593671643.43268,18851722.785668805
6890.0,-3833630347.6504455,-3833625968.130208,1525.4999999999984,67619312462.198944,67593671643.43268,18851722.785668805
6900.0,-3836445334.1913943,-3836440951.45533,1528.0000000000061,67619312462.198944,67593671643.43268,18851722.785668805
6910.0,-3839253181.3247514,-3839248795.3810167,1530.4999999999977,67619312462.198944,67593671643.43268,18851722.785668805
6920.0,-3842053915.428089,-3842049526.28481,1532.9999999999864,67619312462.198944,67593671643.43268,18851722.785668805
6930.0,-3844847562.7541656,-3844843170.419438,1535.5000000000284,67619312462.198944,67593671643.43268,18851722.785668805
6940.0,-3847634149.431619,-3847629753.9135084,1537.9999999999823,67619312462.198944,67593671643.43268,18851722.785668805
6950.0,-3850413701.465663,-3850409302.772206,1540.4999999999886,67619312462.198944,67593671643.43268,18851722.785668805
6960.0,-3853186244.738771,-3853181842.877974,1543.0000000000166,67619312462.198944,67593671643.43268,18851722.785668805
6970.0,-3855951805.0113583,-3855947399.991199,1545.500000000028,67619312462.198944,67593671643.43268,18851722.785668805
6980.0,-3858710407.9224625,-3858705999.7508893,1547.9999999999734,67619312462.198944,67593671643.43268,18851722.785668805
6990.0,-3861462078.990415,-3861457667.6753464,1550.500000000004,67619312462.198944,67593671643.43268,18851722.785668805
7000.0,-3864206843.613516,-3864202429.1628413,1553.0000000000161,67619312462.198944,67593671643.43268,18851722.785668805
7010.0,-3866944727.070695,-3866940309.492276,1555.5000000000177,67619312462.198944,67593671643.43268,18851722.785668805
7020.0,-3869675754.522177,-3869671333.8238463,1557.9999999999886,67619312462.198944,67593671643.43268,18851722.785668805
7030.0,-3872399951.010142,-3872395527.1997027,1560.500000000019,67619312462.198944,67593671643.43268,18851722.785668805
7040.0,-3875117341.4593744,-3875112914.544602,1563.0000000000057,67619312462.198944,67593671643.43268,18851722.785668805
7050.0,-3877827950.677917,-3877823520.666558,1565.4999999999939,67619312462.198944,67593671643.43268,18851722.785668805
7060.0,-3880531803.3577166,-3880527370.257489,1568.0000000000039,67619312462.198944,67593671643.43268,18851722.785668805
7070.0,-3883228924.0752654,-3883224487.8938613,1570.4999999999932,67619312462.198944,67593671643.43268,18851722.785668805
7080.0,-3885919337.2922416,-3885914898.0373225,1572.9999999999814,67619312462.198944,67593671643.43268,18851722.785668805
7090.0,-3888603067.3561416,-3888598625.0353427,1575.5000000000248,67619312462.198944,67593671643.43268,18851722.785668805
7100.0,-3891280138.500914,-3891275693.1218424,1577.9999999999775,67619312462.198944,67593671643.43268,18851722.785668805
7110.0,-3893950574.8475833,-3893946126.4178185,1580.4999999999843,67619312462.198944,67593671643.43268,18851722.785668805
7120.0,-3896614400.4048734,-3896609948.9319673,1583.0000000000127,67619312462.198944,67593671643.43268,18851722.785668805
7130.0,-3899271639.0698323,-3899267184.5613103,1585.500000000025,67619312462.198944,67593671643.43268,18851722.785668805
7140.0,-3901922314.628441,-3901917857.0918,1587.9999999999695,67619312462.198944,67593671643.43268,18851722.785668805
7150.0,-3904566450.756226,-3904561990.1989374,1590.5,67619312462.198944,67593671643.43268,18851722.785668805
7160.0,-3907204071.018875,-3907199607.448382,1593.0000000000139,67619312462.198944,67593671643.43268,18851722.785668805
7170.0,-3909835198.872832,-3909830732.296551,1595.5000000000132,67619312462.198944,67593671643.43268,18851722.785668805
7180.0,-3912459857.665903,-3912455388.0912256,1597.9999999999861,67619312462.198944,67593671643.43268,18851722.785668805
7190.0,-3915078070.637856,-3915073598.072145,1600.5000000000164,67619312462.198944,67593671643.43268,18851722.785668805
7200.0,-3917689860.921006,-3917685385.371599,1603.000000000002,67619312462.198944,67593671643.43268,18851722.785668805
7210.0,-3920295251.540815,-3920290773.0150223,1605.4999999999827,67619312462.198944,67593671643.43268,18851722.785668805
7220.0,-3922894265.4164696,-3922889783.9215765,1608.0000000000116,67619312462.198944,67593671643.43268,18851722.785668805
7230.0,-3925486925.361471,-3925482440.904736,1610.4999999999882,67619312462.198944,67593671643.43268,18851722.785668805
7240.0,-3928073254.0842094,-3928068766.672866,1612.999999999977,67619312462.198944,67593671643.43268,18851722.785668805
7250.0,-3930653274.188543,-3930648783.829797,1615.5000000000205,67619312462.198944,67593671643.43268,18851722.785668805
7260.0,-3933227008.1743674,-3933222514.8754005,1617.9999999999736,67619312462.198944,67593671643.43268,18851722.785668805
7270.0,-3935794478.4381876,-3935789982.2061553,1620.4999999999793,67619312462.198944,67593671643.43268,18851722.785668805
7280.0,-3938355707.273681,-3938351208.1157136,1623.0000000000111,67619312462.198944,67593671643.43268,18851722.785668805
7290.0,-3940910716.87226,-3940906214.7954626,1625.5000000000216,67619312462.198944,67593671643.43268,18851722.785668805
7300.0,-3943459529.3236322,-3943455024.3350844,1627.9999999999832,67619312462.198944,67593671643.43268,18851722.785668805
7310.0,-3946002166.616353,-3945997658.723109,1630.4999999999961,67619312462.198944,67593671643.43268,18851722.785668805
7320.0,-3948538650.6383777,-3948534139.8474665,1633.0000000000123,67619312462.198944,67593671643.43268,18851722.785668805
7330.0,-3951069003.1776114,-3951064489.496038,1635.5000000000084,67619312462.198944,67593671643.43268,18851722.785668805
7340.0,-3953593245.922455,-3953588729.357199,1637.9999999999818,67619312462.198944,67593671643.43268,18851722.785668805
7350.0,-3956111400.4623437,-3956106881.0203605,1640.5000000000168,67619312462.198944,67593671643.43268,18851722.785668805
7360.0,-3958623488.2882867,-3958618965.976507,1642.9999999999993,67619312462.198944,67593671643.43268,18851722.785668805
7370.0,-3961129530.7934065,-3961125005.6187367,1645.4999999999814,67619312462.198944,67593671643.43268,18851722.785668805
7380.0,-3963629549.2734632,-3963625021.2427845,1648.0000000000277,67619312462.198944,67593671643.43268,18851722.785668805
7390.0,-3966123564.9273896,-3966119034.0475597,1650.4999999999834,67619312462.198944,67593671643.43268,18851722.785668805
7400.0,-3968611598.8578167,-3968607065.1356697,1652.999999999974,67619312462.198944,67593671643.43268,18851722.785668805
7410.0,-3971093672.0715904,-3971089135.513935,1655.5000000000205,67619312462.198944,67593671643.43268,18851722.785668805
7420.0,-3973569805.4802966,-3973565266.093919,1658.0000000000239,67619312462.198944,67593671643.43268,18851722.785668805
7430.0,-3976040019.9007745,-3976035477.692436,1660.4999999999748,67619312462.198944,67593671643.43268,18851722.785668805
7440.0,-3978504336.055632,-3978499791.032071,1663.0000000000084,67619312462.198944,67593671643.43268,18851722.785668805
7450.0,-3980962774.5737514,-3980958226.7416825,1665.5000000000225,67619312462.198944,67593671643.43268,18851722.785668805
7460.0,-3983415355.990799,-3983410805.356913,1667.9999999999786,67619312462.198944,67593671643.43268,18851722.785668805
7470.0,-3985862100.749729,-3985857547.3206944,1670.4999999999923,67619312462.198944,67593671643.43268,18851722.785668805
7480.0,-3988303029.201284,-3988298472.9837446,1673.00000000001,67619312462.198944,67593671643.43268,18851722.785668805
7490.0,-3990738161.6044903,-3990733602.6050677,1675.500000000008,67619312462.198944,67593671643.43268,18851722.785668805
7500.0,-3993167518.1271563,-3993162956.352449,1677.9999999999789,67619312462.198944,67593671643.43268,18851722.785668805
7510.0,-3995591118.8463593,-3995586554.3029428,1680.5000000000207,67619312462.198944,67593671643.43268,18851722.785668805
7520.0,-3998008983.74894,-3998004416.4433665,1682.9999999999952,67619312462.198944,67593671643.43268,18851722.785668805
7530.0,-4000421132.731983,-4000416562.6707826,1685.4999999999768,67619312462.198944,67593671643.43268,18851722.785668805
7540.0,-4002827585.6033025,-4002823012.792982,1688.0000000000289,67619312462.198944,67593671643.43268,18851722.785668805
7550.0,-4005228362.081921,-4005223786.5289655,1690.4999999999795,67619312462.198944,67593671643.43268,18851722.785668805
7560.0,-4007623481.7985454,-4007618903.509417,1692.9999999999868,67619312462.198944,67593671643.43268,18851722.785668805
7570.0,-4010012964.296045,-4010008383.277184,1695.5000000000177,67619312462.198944,67593671643.43268,18851722.785668805
7580.0,-4012396829.0299153,-4012392245.287739,1698.0000000000268,67619312462.198944,67593671643.43268,18851722.785668805
7590.0,-4014775095.368755,-4014770508.909659,1700.499999999971,67619312462.198944,67593671643.43268,18851722.785668805
7600.0,-4017147782.594724,-4017143193.4250817,1703.0000000000048,67619312462.198944,67593671643.43268,18851722.785668805
7610.0,-4019514909.9040127,-4019510318.0301757,1705.5000000000198,67619312462.198944,67593671643.43268,18851722.785668805
7620.0,-4021876496.4072943,-4021871901.835593,1707.9999999999777,67619312462.198944,67593671643.43268,18851722.785668805
7630.0,-4024232561.1301904,-4024227963.8669324,1710.4999999999889,67619312462.198944,67593671643.43268,18851722.785668805
7640.0,-4026583123.013718,-4026578523.0651903,1713.000000000034,67619312462.198944,67593671643.43268,18851722.785668805
7650.0,-4028928200.914746,-4028923598.2872124,1715.500000000004,67619312462.198944,67593671643.43268,18851722.785668805
7660.0,-4031267813.606442,-4031263208.306147,1717.9999999999795,67619312462.198944,67593671643.43268,18851722.785668805
7670.0,-4033601979.7787175,-4033597371.8118825,1720.5000000000184,67619312462.198944,67593671643.43268,18851722.785668805
7680.0,-4035930718.0386744,-4035926107.4115005,1722.9999999999907,67619312462.198944,67593671643.43268,18851722.785668805
7690.0,-4038254046.9110436,-4038249433.62971,1725.4999999999718,67619312462.198944,67593671643.43268,18851722.785668805
7700.0,-4040571984.838624,-4040567368.90929,1728.0000000000255,67619312462.198944,67593671643.43268,18851722.785668805
7710.0,-4042884550.182717,-4042879931.6115193,1730.500000000033,67619312462.198944,67593671643.43268,18851722.785668805
7720.0,-4045191761.2235613,-4045187140.0166173,1732.9999999999768,67619312462.198944,67593671643.43268,18851722.785668805
7730.0,-4047493636.1607604,-4047489012.324166,1735.5000000000146,67619312462.198944,67593671643.43268,18851722.785668805
7740.0,-4049790193.113714,-4049785566.653545,1738.0000000000239,67619312462.198944,67593671643.43268,18851722.785668805
7750.0,-4052081450.1220417,-4052076821.0443516,1740.499999999983,67619312462.198944,67593671643.43268,18851722.785668805
7760.0,-4054367425.146003,-4054362793.456826,1743.0000000000002,67619312462.198944,67593671643.43268,18851722.785668805
7770.0,-4056648136.066919,-4056643501.7722692,1745.5000000000184,67619312462.198944,67593671643.43268,18851722.785668805
7780.0,-4058923600.6875944,-4058918963.7934656,1747.999999999972,67619312462.198944,67593671643.43268,18851722.785668805
7790.0,-4061193836.732725,-4061189197.2450895,1750.4999999999857,67619312462.198944,67593671643.43268,18851722.785668805
7800.0,-4063458861.8493147,-4063454219.774126,1753.000000000031,67619312462.198944,67593671643.43268,18851722.785668805
7810.0,-4065718693.6070857,-4065714048.9502764,1755.5000000000016,67619312462.198944,67593671643.43268,18851722.785668805
7820.0,-4067973349.4988847,-4067968702.266368,1757.999999999975,67619312462.198944,67593671643.43268,18851722.785668805
7830.0,-4070222846.9410887,-4070218197.138757,1760.5000000000316,67619312462.198944,67593671643.43268,18851722.785668805
7840.0,-4072467203.274006,-4072462550.907733,1762.999999999986,67619312462.198944,67593671643.43268,18851722.785668805
7850.0,-4074706435.7622805,-4074701780.837919,1765.4999999999686,67619312462.198944,67593671643.43268,18851722.785668805
7860.0,-4076940561.5952854,-4076935904.11867,1768.0000000000214,67619312462.198944,67593671643.43268,18851722.785668805
7870.0,-4079169597.8875227,-4079164937.864467,1770.5000000000318,67619312462.198944,67593671643.43268,18851722.785668805
7880.0,-4081393561.6790123,-4081388899.1153116,1772.9999999999718,67619312462.198944,67593671643.43268,18851722.785668805
7890.0,-4083612469.9356856,-4083607804.8371153,1775.5000000000116,67619312462.198944,67593671643.43268,18851722.785668805
7900.0,-4085826339.5497746,-4085821671.9220905,1778.000000000023,67619312462.198944,67593671643.43268,18851722.785668805
7910.0,-4088035187.3401937,-4088030517.189133,1780.4999999999782,67619312462.198944,67593671643.43268,18851722.785668805
7920.0,-4090239030.0529294,-4090234357.38421,1782.9999999999961,67619312462.198944,67593671643.43268,18851722.785668805
7930.0,-4092437884.3614197,-4092433209.18074,1785.500000000025,67619312462.198944,67593671643.43268,18851722.785668805
7940.0,-4094631766.8669314,-4094627089.179971,1787.9999999999704,67619312462.198944,67593671643.43268,18851722.785668805
7950.0,-4096820694.098937,-4096816013.911357,1790.4999999999823,67619312462.198944,67593671643.43268,18851722.785668805
7960.0,-4099004682.5154943,-4098999999.8329372,1793.0000000000282,67619312462.198944,67593671643.43268,18851722.785668805
7970.0,-4101183748.503615,-4101179063.331703,1795.4999999999977,67619312462.198944,67593671643.43268,18851722.785668805
7980.0,-4103357908.379635,-4103353220.723974,1797.9999999999745,67619312462.198944,67593671643.43268,18851722.785668805
