750_0001,,1000_0001,,1250_0001,,750_0001b,,1000_0001b,,1250_0001b,
X,Y,X,Y,X,Y,X,Y,X,Y,X,Y
-2.104083999919534e-11,1689028047694760000,1.0113270504820974e-10,3483024269348991000,1.7089697205478307e-10,4453542057362632700,1.1503635675234867e-10,1846564127340540000,7.702398610132117e-11,2430598973980037000,1.1603752650639555e-10,2356528528200919000
-4.1496751359973135e-12,1438684252607914000,1.0919342729656271e-10,3224705331829033000,1.161401180348179e-10,4097904357627685000,1.2774278225449626e-11,1620463051660341200,-1.6861258721900602e-11,2168581917818998800,7.081931827100293e-11,2154336937034219500
2.392336852223122e-10,2125076097923305500,4.5388446343687475e-11,2918499685822714000,1.5680440231337713e-10,3868887650063278000,7.834793237592072e-11,1364242411086110700,1.8493385553877666e-10,1971600423174639600,2.960829767760455e-11,1957098741552697300
4.008867854318738e-10,2506939759782424600,2.1714948310500563e-10,4333574650398550000,1.3750903509288268e-10,3579666886998790000,9.035923274178296e-11,1245194524333936600,2.2325938631142823e-10,2653600908541550600,-2.6113982927181642e-11,1824189009593602000
5.621465457291977e-10,2602004272834255000,1.1936696792613632e-10,2723346975173310500,1.4670914267190804e-10,3311982478647838700,3.101186164092977e-10,2302629562444329000,4.084134856672969e-10,2878746699514280000,3.2916726734532104e-12,1631165305468522500
7.03347122948817e-10,3142583496006965000,2.9870811410807893e-10,3904460084726296600,9.295532744496041e-12,3128746883185950700,3.962876703342751e-10,2067607813393000400,3.8109927140229666e-10,2245695615574564900,1.7622417280183507e-10,2643639383517231000
8.723596746646978e-10,3381426763934589000,2.9558882587980444e-10,3512365554432192500,2.116608504657907e-10,4830435136844654000,3.245189267429317e-10,1782228001106550800,3.412491803094163e-10,1819821264006017000,2.0934745981111885e-10,2956321801972900000
1.042054816108912e-9,3350037077955035000,5.324709800543e-10,4805693713476566000,2.705807392220872e-10,5115975498338656000,2.5845996752717254e-10,1487029701078184000,4.924600217042132e-10,3316783051442649000,3.454727939415225e-10,3144736932432881700
1.106720290366139e-9,4001763054157426700,4.723484921486931e-10,4368986638914195500,3.8727518421152595e-10,5543087923166305000,4.706021369873892e-10,2637375116819241000,5.315079226809521e-10,3086237603059296000,4.314456809302572e-10,2807039044762296300
1.2752604528840845e-9,3825192517146059000,4.4214159177718445e-10,4132324089801748500,5.262434042223801e-10,5964893700996761000,3.7043134015630085e-10,1664344846511063000,5.354023361900587e-10,2431976133529338000,4.4512681385628515e-10,3356884575258499000
1.421347118241607e-9,4030527731896955000,7.057573009540608e-10,5225715285059243000,7.43242540524876e-10,6377265071524601000,6.17108392765732e-10,2946737939161041000,5.604091164374067e-10,2028538201400180700,3.096085671712737e-10,2388317834432368600
1.604375239206779e-9,4250955640667304000,8.737686186287079e-10,5694737916762379000,9.333617637203525e-10,6935213113019732000,6.488272294176876e-10,2365099818414147600,6.089824976617598e-10,3633727397088211000,3.9318001509164566e-10,2589693894154762000
1.77505468368971e-9,4343292846654572500,7.600759407912547e-10,4932878657422094000,8.679961427120155e-10,6630631946907772000,6.507907992542121e-10,2035220085878032400,7.422999953430011e-10,2937537211927038000,5.848701945526798e-10,3615628802172227600
1.947556700796442e-9,4664727431453530000,9.621574152350724e-10,5412106201906524000,1.061495092792118e-9,7217817788068626000,8.137511317033339e-10,3140642855115196400,7.813442474094749e-10,3837872979701979000,6.684469638005217e-10,3816110878879621000
2.118938283913133e-9,4845323463704321000,1.1008415332823913e-9,6060217081833851000,1.1731127268800152e-9,7006775082572459000,8.167736457064394e-10,2632860502593478700,8.598790588792489e-10,3303028484197529600,6.450198196127193e-10,3004744665648808000
2.2899613281530113e-9,4980851159139696000,1.1916073572756281e-9,5771205295714706000,1.3193069539005813e-9,7581665281126601000,8.416306305855002e-10,2254588192336656400,7.007899921647376e-10,3129608550472872000,7.940877624352446e-10,3279337934299951000
2.460207538159794e-9,5018730791475006000,1.43536761804717e-9,6310772896014082000,1.3736255937377756e-9,7288828653489453000,1.013019945747507e-9,2893367153165361000,8.304962849867364e-10,2437291075406629000,9.219669774703291e-10,3948886513386461000
2.6442873731636166e-9,5015324672145280000,1.278702426101492e-9,6038020964367140000,1.4628479932327303e-9,7823049787246677000,1.0198887152461144e-9,3321789356326664000,9.45764143964724e-10,2663606220489054000,9.242325326407912e-10,3568273244748925000
2.8020026494257787e-9,5258238346574965000,1.778147081502224e-9,6512179665480625000,1.629711986501575e-9,7435784775623247000,1.1308064650361317e-9,2621196152778678300,7.625706040944112e-10,2244718619851026400,1.2301684200917406e-9,4389434957586987000
2.9829811231451686e-9,5221025596550527000,1.6205692451428394e-9,6286542186830181000,1.8041013124181987e-9,7994454077825567000,9.878543238751723e-10,2374065190936033300,9.94810629210664e-10,3578969112964141000,1.2319276509534075e-9,4093884172826988500
3.1416704300226735e-9,5230340436570132000,1.9935617204275317e-9,6887213571495171000,1.7165680294095631e-9,7672554886398737000,1.3201871883750747e-9,3507661196331720700,1.062936924148618e-9,4001567655341996000,1.2292297379259873e-9,3868972641893288000
3.314082812410202e-9,5540507937165238000,1.9905813660140223e-9,6512583021717040000,2.027457089494256e-9,8299585601113434000,1.3075757390219762e-9,3037042994862274600,1.1716827741316505e-9,3771345317962639400,1.2342424284029685e-9,3705001561300674600
3.4984166124517687e-9,5569025223079765000,2.25016351282675e-9,7098955427801123000,2.0870283238767626e-9,7954931142304862000,1.2868916423936826e-9,2771811005496807400,1.1164814514862015e-9,2917964457263872000,1.12223912780902e-9,3533050313957808000
3.639806418523039e-9,5539999708307356000,2.3508053755482043e-9,6932396192577570000,2.2939490772162332e-9,8646862174241099000,1.3666604697038087e-9,3295552231954919400,1.2785478009203212e-9,3118659387070071000,1.5622751281741573e-9,4374243631924900000
3.825391263145486e-9,5725773298038523000,2.5764990796134196e-9,7337204511443469000,2.2594855236238927e-9,8270732185001895000,1.6341356266548813e-9,3660875289462178000,1.3159716327531379e-9,4215874540817113000,1.5780507355924789e-9,4097504804037748700
4.007346613026859e-9,5811353881575450000,2.6739564652199056e-9,6964557129827710000,2.4685853965813277e-9,8920103457130819000,1.6055071889407587e-9,3045165469112871000,1.2975428114581465e-9,3514215368950284300,1.572279755950986e-9,3880247774613121000
4.153053824739754e-9,5968991773196700000,2.764527369268208e-9,7668285285940688000,2.6105719137832934e-9,8660912117693817000,1.521945319409833e-9,2842180239963472000,1.2123717725002165e-9,2632145316181477400,1.5071307437326405e-9,3748653474804676600
4.338025027228988e-9,6077630546783073000,2.9777106016560154e-9,7406796907432904000,2.817691286278332e-9,9264782757561570000,1.700144413354491e-9,3421973836571248600,1.4302322404599703e-9,4008598193195698000,1.7939907364682175e-9,4609814541971157000
4.5195731793859806e-9,6112026376365350000,3.105438084638055e-9,7796624276895959000,2.806871948838499e-9,8922033420684865000,1.6609277502779816e-9,3228764038022635500,1.4801862781059632e-9,3754250903151677400,1.9371897872237954e-9,4288006198941929500
4.6651805479810965e-9,6257113988081752000,3.315641460583016e-9,8109993230878607000,3.0056846015780374e-9,9498990766596633000,1.9904850103693987e-9,3879236296687577000,1.5469808348255216e-9,3383340086909622300,1.8538045857648836e-9,4055340733694429000
4.849857200823615e-9,6328727871076021000,3.444854888021181e-9,7737178531120337000,3.093016704439128e-9,9083532647959794000,1.9694955662957212e-9,3607761751640201000,1.4352608949193621e-9,3163784244017844000,1.9394673153810654e-9,3905381468520636400
5.019823409040885e-9,6331411278469767000,3.668883921432586e-9,8126938375761592000,3.2062477634726847e-9,9787366423650232000,2.014964180998071e-9,3428804596587925500,1.6538876340348327e-9,4411503566871632000,2.1559197600921904e-9,4568956963948335000
5.190261978000625e-9,6393470431191761000,3.921026386551441e-9,7778142792925829000,3.3208630386699365e-9,9444506515944910000,1.943617950807865e-9,3208074716818282500,1.4930185832815216e-9,2954745472738281500,2.244717815853847e-9,4841688193691085000
5.362084620846729e-9,6629507671429766000,4.0071320588100995e-9,8225763726873593000,3.4349552312558396e-9,10053136503303160000,2.262821770106779e-9,4173787097589364700,1.7682775499991932e-9,4182503431985643500,2.2764350561075614e-9,4260318267848691700
5.532767906817627e-9,6722327752454344000,3.984640146770016e-9,7941633831711055000,3.5685288898125833e-9,9753690211471960000,2.3226880344790264e-9,3874236803102720000,1.741274473751379e-9,3971893804836862000,2.1931509598705836e-9,4010667125316135000
5.7031148491755136e-9,6772869441323508000,4.125142569121174e-9,7801064183320495000,3.840446403709851e-9,9560210736571757000,2.308299164999454e-9,3654274410792214500,1.8270744936162934e-9,3798869777875992600,2.4817723119988145e-9,4575919814516617000
5.873482706301216e-9,6826040116506905000,4.336859775879345e-9,8304721670523783000,3.887640441472189e-9,9990150186119008000,2.3749328275820015e-9,3536447449414820000,1.6868372937306582e-9,3623087174754537500,2.586391738595037e-9,4405986414550470700
6.044251785503351e-9,6929644406698028000,4.2122675161867715e-9,8071635546707546000,3.825000711868956e-9,9237025830165084000,2.5302943044035974e-9,4336102485149092000,1.9871485380455486e-9,4439763647094470700,2.7336115843871414e-9,4765006344465418000
6.214627467882316e-9,6983798716216684000,4.585068272766501e-9,8648207890158737000,4.140673821375852e-9,9753342591733668000,2.5952038568857813e-9,4112332150900871000,2.1076997530213434e-9,4125090565643557000,2.771754099504298e-9,3782351161104894000
6.384833840236119e-9,7016670755572503000,4.724452253010265e-9,8367050068868983000,4.37035527450429e-9,10141542629288570000,2.659213621268449e-9,3823947742972178400,2.084963051072807e-9,3875890975756331000,2.6703942140404992e-9,4534949850057619500
6.555009622963528e-9,7045697678890499000,4.925731994687875e-9,8745499804641166000,4.383852271333655e-9,10413977199705460000,2.8964657563532313e-9,4531942235771431000,2.331466096273961e-9,4509356393456677000,2.8350467286251627e-9,3999764181443363000
6.7248203220568484e-9,7028833589403594000,4.934293106313114e-9,8397493604899188000,4.6281726132900385e-9,10506078666381226000,2.9463202471660493e-9,4294318813700929500,2.276243488318632e-9,4292501656388800500,3.1091151015346386e-9,4885013164835316000
6.896017324048068e-9,7186227774182743000,5.2492766803710124e-9,8827135760528673000,4.693791746635517e-9,10015375514741633000,2.8991069972430933e-9,4088213766274683000,2.4470048868391497e-9,4087345325631535000,3.045196593080515e-9,4230219136852134000
7.067647655366993e-9,7398091455454281000,5.322483148238725e-9,8772292219775825000,4.598593155952951e-9,10348285706695754000,2.979795349940081e-9,4773949823525714000,2.62781827295098e-9,4567018297924370400,3.1703095160301877e-9,4098604403146203000
7.238897347396853e-9,7562108778090827000,5.592713899692802e-9,9078855671283983000,4.9098228279706165e-9,9593993410350610000,2.997181495126756e-9,3887560190784821000,2.671012020159796e-9,4431158422015768600,3.0415089131436284e-9,3900324078892904400
7.408516398923878e-9,7521154589520445000,5.920600690362412e-9,9188425885413060000,5.0438948555661305e-9,10069261072210080000,2.87302504278038e-9,3722855679228875000,2.7049443355365614e-9,3909212824299223000,3.2327733864070424e-9,4997777628110612000
7.57874269010417e-9,7556530425366010000,6.172155749288087e-9,9477862309611950000,5.014363800977414e-9,9205483372477445000,3.2238814482042437e-9,4909247767253455000,2.7771111558875694e-9,4238687527795884000,3.475501633938725e-9,4909087215201782000
7.749193779469132e-9,7620163393024416000,6.2794234104530504e-9,9194740651380932000,5.251259400359789e-9,10500501594152397000,3.2772026007273385e-9,4438580803074099000,2.872833474991451e-9,3755039067768983600,3.533139972527622e-9,4117289499572162600
7.918659171477522e-9,7559894202961713000,6.512043433729427e-9,9477606312853905000,5.2242479777278764e-9,9775424390010778000,3.2377222209543805e-9,4166373424157804500,2.9811012037012812e-9,4554566391643969500,3.770085913592196e-9,4924675359855221000
8.08858651427025e-9,7557692226490350000,6.6001961922418905e-9,9165304609594571000,5.39022458727661e-9,10166701451665748000,3.3188511795659037e-9,4778087687766583000,2.9992203237375028e-9,4358830087627655000,3.830608563707901e-9,4251123013980090400
8.273706278007052e-9,7685005148896074000,6.714903022902328e-9,9851194602922103000,5.595410908799498e-9,9849426664793817000,3.3369782815933314e-9,4106297765549601000,2.9910188277739708e-9,4075187156627495000,3.756471829392294e-9,4047090547584542700
8.429837153899297e-9,7728759696827167000,6.851273000143551e-9,9473743654021038000,5.702175818783861e-9,10215178148678870000,3.5398629376535443e-9,4946962903755786000,3.0133963401182655e-9,3876109910372251600,3.966807940309105e-9,5105259928885832000
8.600009024000074e-9,7757294802977536000,6.94018068217997e-9,9177217063776689000,5.850610913784509e-9,9647607521294866000,3.5973977688212492e-9,4504099773328457700,3.3210063171913575e-9,4416024566690361300,4.168930050142829e-9,4378630534291378000
8.756222776438249e-9,7811466932732030000,7.087331012872039e-9,9872289493838602000,5.931267221947604e-9,10529208905671635000,3.6320006585355337e-9,4387366025466550300,3.3164948957620753e-9,4224518079453600000,4.305829979505493e-9,5115074585271974000
8.952300005191435e-9,7891995276662662000,7.185869447516188e-9,9599566897190670000,5.941500519056646e-9,10035361938485148000,3.742587155690528e-9,4797340250553971000,3.2663855513729144e-9,4098060350625644500,4.2829400233258134e-9,4213460786676605000
9.09782780518859e-9,8027081115615564000,7.120854397854068e-9,9339052549298230000,6.09898274504888e-9,10248981193984813000,3.910721148772606e-9,5033588033454447000,3.6728040170690064e-9,4437312972616458000,4.50233143719876e-9,4383289462918138000
9.268313041113248e-9,8095006305827818000,7.422140591688116e-9,9945784585502149000,6.293745046699087e-9,10599376457775956000,3.998509748713155e-9,4526482553786947600,3.6415334366036774e-9,4142181149098742000,4.596665802060471e-9,5082242602932204000
9.464168089584676e-9,8147606588341407000,7.481873168565186e-9,9621410878260513000,6.239446325688382e-9,10103529142439250000,4.053848893740084e-9,4723759062826256000,3.7190203266566314e-9,4009441091466987500,4.533007825799291e-9,4926207902166655000
9.623721342363125e-9,8265519428109561000,7.756324719352416e-9,10098898015280413000,6.402658344397687e-9,10274452307992015000,4.201157681719905e-9,5067836705204728000,3.953686514281539e-9,4720317808726946000,4.80688590803843e-9,4276120481904363500
9.7820215681632e-9,8225926776696144000,7.728876576449721e-9,9813417410265880000,6.5993745406491925e-9,10842195418185683000,4.298924758913714e-9,4918829805610183000,4.01239101192777e-9,4352215077723392000,4.931181475088673e-9,4492804936493191000
9.978343513927543e-9,8337216048929359000,8.094510177098001e-9,10244302913531270000,6.6399432145606026e-9,10601160487470500000,4.359426123719538e-9,4550258244924051500,3.88795118852738e-9,4111814917870762000,5.075272380328267e-9,4021165040149455000
1.0148559596709261e-8,8371308689073929000,8.332703850186658e-9,10472551696010426000,6.751282981018971e-9,10355189820942387000,4.449220864116374e-9,4761038154551884000,4.291850102417713e-9,4874352243228873000,5.130699327258453e-9,4203690829441214500
1.03039160689395e-8,8317720696690908000,8.41965400954981e-9,10009083279682724000,6.692720137227499e-9,10114530011527070000,4.645223979492052e-9,5062399828909400000,4.280744975744332e-9,4582228780365349000,5.088880078935205e-9,3769554432804421600
1.0460883061286535e-8,8466575082989164000,8.670980158475921e-9,10574918130729353000,6.975114320077465e-9,10720099485422922000,4.5926811920507425e-9,4395335245486006300,4.316218221779653e-9,4319275170569550000,5.261663277818564e-9,4581057480170184700
1.0645108967684616e-8,8481530137917570000,8.660403261609933e-9,10262643573984977000,7.0891834637355735e-9,11122383946695254000,4.731583803006838e-9,4795328788770214000,4.6178521352505495e-9,4913743224700328000,5.2426706998875815e-9,4381005974874099700
1.0826947270747474e-8,8552397936367135000,8.787559714519714e-9,9970347635779020000,7.0626739955312e-9,10333247241681422000,4.761248873321649e-9,4558723412663734300,4.627043664189922e-9,4556347972081012700,5.4221697181142595e-9,4290305012409080000
1.1000349618811536e-8,8630969639743958000,9.012198192883036e-9,10741887124669264000,7.308649093998206e-9,10791589149635494000,4.95562233215956e-9,5133867385365930000,4.697715074037936e-9,4381826979683795000,5.580372783804972e-9,4612573118131739000
1.1156523177903402e-8,8680089465867360000,9.003108805523826e-9,10362282168099348000,7.319245909690684e-9,10541233403252756000,4.9599645353752885e-9,4404377245123465000,4.956308783403222e-9,5018543576430539000,5.552986571979299e-9,4466330268063172600
1.132777030894129e-8,8843784871812369000,9.112315905913149e-9,10102545721519990000,7.354009241621694e-9,11350639399394427000,5.083247985940685e-9,4839048041254568000,4.957474154119208e-9,4822761296144878000,5.918170651616828e-9,4828048567119323000
1.1498978313712857e-8,9002562106081093000,9.012923807276585e-9,9815855474628210000,7.379958492831046e-9,11052115448823828000,5.0720125351199875e-9,4568819035140305000,4.981707479418754e-9,4549263795246409700,5.919910725699602e-9,4535716121213335600
1.1684038439534632e-8,9122378542568115000,9.345436021077444e-9,10830509087954285000,7.4047488951707e-9,10099303505676808000,5.314207585639151e-9,5247866639875009000,5.3187135337030365e-9,4897763916866445000,6.050761103927706e-9,4389634188087470000
1.1826245700017303e-8,9196107047308787000,9.32945387902314e-9,10439892389721516000,7.642189843566894e-9,10784711178848627000,5.4062904899373815e-9,4944082918399107000,5.297682583275088e-9,4633262439336094000,6.050905844034894e-9,4154334452889096000
1.201095760206884e-8,9272151755876870000,9.470359657610711e-9,10350024620248297000,7.630015456816438e-9,10441172373511740000,5.4104042630775244e-9,4684525979653554000,5.298576566290091e-9,4483073292815587300,5.923023702269701e-9,4012736057436569600
1.2180576369041201e-8,9231161798785204000,9.696079799391083e-9,11031475560815284000,7.6449043812409e-9,10176503277114786000,5.655508863419494e-9,5281665765880599000,5.647789552288324e-9,4938593630483606000,6.277273594240313e-9,4855076045454539000
1.2362008565172559e-8,9250981955945038000,9.659087693053219e-9,10676586951233680000,7.9867989870452e-9,10784551778439643000,5.7622025434636236e-9,4921495334558996000,5.6368533535742704e-9,4618090270452900000,6.268101146060867e-9,4587618220827224000
1.2521668725138325e-8,9382333029158867000,9.782527506356037e-9,10425730104087396000,7.942580686150231e-9,10566828597321257000,5.763531544999319e-9,4698223076561992000,5.617500445754588e-9,4478574186458448000,6.3126246930045e-9,5019539728932970000
1.2691413170420675e-8,9357140835633453000,1.0043225107452183e-8,11152315113597215000,7.99624698441989e-9,10191992634644951000,5.999152741590173e-9,5464436761942188000,5.9458521971171e-9,4924675359855221000,6.360764807599738e-9,4268468606504954000
1.2876120448458923e-8,9432604305730703000,1.0012362877689164e-8,10833277659972150000,8.251458940700795e-9,10941101056396170000,5.972368371901386e-9,5217084432876784000,5.976423223433722e-9,4535869375444480000,6.596030079946387e-9,4878699090512210000
1.3031868242634573e-8,9428205481885800000,1.0004534778878744e-8,10561354605019510000,8.328544799215626e-9,10661827954468864000,6.086967416035326e-9,4952950765501176000,6.164426483147507e-9,4824884961919293000,6.618017957091411e-9,4575540327849021400
1.3188656795494305e-8,9554630024630088000,1.0122422361574913e-8,10426375474065660000,8.296972890120248e-9,10355307946697337000,5.975225924752913e-9,4737015553820160000,6.340569112081802e-9,5072003760727720000,6.740074005466314e-9,4414951787072358400
1.3372926855291106e-8,9575135161777430000,1.0375781297882955e-8,11247731699021111000,8.30696673447942e-9,10085672113679570000,6.345567510993578e-9,5588594582629915000,6.3154694746701e-9,4541616409112355000,6.813964438339012e-9,4208255616183128000
1.3542968612771708e-8,9587315111571570000,1.0311103445497837e-8,11001346343867085000,8.57745273146723e-9,10008175728150790000,6.314949504957291e-9,5307132240404310000,6.503720404168143e-9,4789023471831742000,6.868378812670575e-9,5013000881737521000
1.371326177429807e-8,9631096549918423000,1.0372615271551096e-8,10722607016692634000,8.537501256622334e-9,10581102926354379000,6.321561330358047e-9,5100560132464101000,6.670658048806461e-9,5226257793283793000,6.9587445315049695e-9,4705889619474940000
1.3883435422865496e-8,9659855209326805000,1.0477301154020605e-8,10530329339661677000,8.648827577872823e-9,10333442197195690000,6.6681129338964025e-9,5653837098173809000,6.651875283215737e-9,4990957814824731000,7.050974843484941e-9,4402001804540743700
1.405374138935175e-8,9705246231131350000,1.069575590383889e-8,11287505184923590000,8.881242256156115e-9,10094205501919940000,6.636935898221513e-9,5342989749862478000,6.65704180843231e-9,4554538527238308000,7.074700514143825e-9,5163215570629884000
1.422375995562722e-8,9714511046441000000,1.0693305888180666e-8,10979538216684925000,8.943148158083447e-9,9748121505150257000,6.671588520924117e-9,5069938477517550000,6.842535405716456e-9,4833620453094466000,7.124596473301427e-9,4165113333812846600
1.4392791117218137e-8,9599659092901851000,1.0691513193796601e-8,10754196532607853000,8.925798860210988e-9,9545284111241159000,6.986065291002756e-9,5812553747984364000,6.961351769112295e-9,5217298988800381000,7.228682702885131e-9,4928690620711178000
1.4576809772969173e-8,9588562741496482000,1.0717776166523165e-8,10495107376750744000,9.205757966522598e-9,10319477107943817000,6.994665886526558e-9,5554435309181135000,7.028473610276962e-9,5017458025626608000,7.2986049458442946e-9,4574857251847356400
1.4718350464151103e-8,9578503485133892000,1.1018346477733174e-8,11249209288952300000,9.126939170103171e-9,9906207271585126000,6.979168850601307e-9,5388780256501076000,7.006600777467519e-9,4520376765896167400,7.497966350986451e-9,5261451532792787000
1.4902673806808758e-8,9605706277891301000,1.101968219802152e-8,10899240990639366000,9.466421705613713e-9,10567093019742906000,6.961378588602745e-9,5212793314404766000,7.161525421679511e-9,4818010414979434000,7.575884268564495e-9,5056298850945788000
1.5073412675790716e-8,9705513143406311000,1.137357365045417e-8,11040920072395338000,9.812883797926216e-9,10681171126872932000,6.987885184997587e-9,4979353063877597000,7.358153793032944e-9,5014329085074096000,7.556905374047007e-9,4853948532182555000
1.5241968441389413e-8,9530903913645242000,1.1452601594551737e-8,11310939542011296000,9.697553792551317e-9,10425568761592832000,7.211093587064946e-9,5984811503789519000,7.3325635292284816e-9,4566366967442010000,7.575391665678676e-9,4385544002940735500
1.5412335361856012e-8,9583956850779419000,1.1511401970349094e-8,11581457124566825000,1.0125589454986762e-8,10824479115935154000,7.227009677528481e-9,4893283784842686000,7.429088608590732e-9,5304176623089402000,7.634859780727704e-9,4642665681089821000
1.558316152983764e-8,9694737200552760000,1.1742301007016771e-8,11105466033693626000,1.0094689379453415e-8,10500684448979570000,7.3439937406345916e-9,5810842409069930000,7.547566444336709e-9,4840513244585652000,7.913755114581656e-9,5259513961441903000
1.576811743751368e-8,9801453416120222000,1.1831158891986967e-8,11593867691688516000,1.0245311561602622e-8,10208030676169597000,7.315338392207264e-9,5561339412294144000,7.555413881976057e-9,4426358280561742000,7.895386500306043e-9,4954636562043752000
1.5912510504648917e-8,9793903334330530000,1.195483773120766e-8,11373056402419175000,1.017602392365848e-8,10043402172797684000,7.188424732041654e-9,5046052710920776000,7.67262600197375e-9,5079549707156398000,7.91845126209312e-9,4470561179515810000
1.609485341798285e-8,9928200643853640000,1.2132749843866303e-8,11052126204990132000,1.0465544066685105e-8,10832635875382653000,7.426208250050047e-9,5448996398154492000,7.756383493638344e-9,4571509498309267500,7.953466661112901e-9,4691422420055005000
1.626528032020136e-8,9988793287203070000,1.2227583376783383e-8,11579597844391350000,1.0484277722998595e-8,10517197853298393000,7.572508570455292e-9,6030312685015986000,7.867879760413169e-9,4828642427265006000,8.218113570523013e-9,5328442788581335000
1.6448869013854883e-8,9923650700140483000,1.2461392094335968e-8,11117231624835820000,1.0603193117141627e-8,10333397379836088000,7.68069364121175e-9,5683317860510736000,7.921806092996744e-9,5263271426787615000,8.23382612021081e-9,5062297659421975000
1.6604651594838224e-8,9923624578022314000,1.2586271644795218e-8,11569011984053443000,1.0805438921903982e-8,10833281245360916000,7.661103883640333e-9,6337104667630350000,7.976572929254245e-9,5556695809090499000,8.234895707032333e-9,4882607073406366000
1.676346269111198e-8,9948248345150648000,1.2806736346483638e-8,11137746825368302000,1.0803251834755421e-8,10558364390786888000,7.876744217760532e-9,6052057271069069000,8.044212778842454e-9,5043775790915215000,8.314864616255342e-9,4634292648334336000
1.694625709784634e-8,10139298375107985000,1.2908388947372108e-8,11708582205324886000,1.0886014558819795e-8,10280604322919733000,7.889945975100455e-9,5868644796582840000,7.994139695499056e-9,4504329654675175400,8.505992065336397e-9,4436120027749034000
1.7115902423254014e-8,10101646813335982000,1.290636917836606e-8,11454697241264718000,1.1117636648889042e-8,10912742423934632000,8.032191044873804e-9,5707105258568276000,8.188600158041104e-9,4748381909296628000,8.511391882386838e-9,4320138502738323500
1.7286477293897877e-8,10180839087752088000,1.3153420391434166e-8,11178000241167315000,1.1256809489572017e-8,10605044359853578000,7.920213685751269e-9,5530795844027269000,8.232217748982926e-9,5332504025706635000,8.588044540330383e-9,5367396182782202000
1.7456522892866445e-8,10193501912583535000,1.326767904849859e-8,11604106537613509000,1.1508712928772996e-8,10938272184658115000,8.118957284774129e-9,5371756265658233000,8.287137839471572e-9,5600181697177432000,8.588412776191325e-9,5094549160953700000
1.7626128854878917e-8,10150902372034177000,1.3443007760500198e-8,11263615291387933000,1.1783539617459115e-8,10750845190050976000,8.25638642015371e-9,6019293705796776000,8.34714644935365e-9,5012988110551593000,8.574130333261157e-9,4856707108343134000
1.7796319576726193e-8,10181807142719484000,1.358919451796083e-8,11837566566258420000,1.1847301678083481e-8,11079912455744758000,8.342745179403001e-9,5752401462260591000,8.485501495713054e-9,4555547218723289000,8.71644125446195e-9,4684104530517910000
1.7966442005454077e-8,10204127468297091000,1.3587043284699953e-8,11567156545365934000,1.2083558309967539e-8,10565302118053224000,8.443349398356543e-9,5465835206801371000,8.517841331280789e-9,4819006567481864000,8.830304359006755e-9,4543608714117220400
1.814647860323517e-8,10048520912828985000,1.3825792828857846e-8,11315043211530820000,1.2195763051466216e-8,11140127779609539000,8.566723045422561e-9,6101131465227338000,8.587865743727383e-9,5397434012086307000,8.914108424956541e-9,5384065864438284000
1.8291730669762778e-8,10148947054659557000,1.3928013756549268e-8,11703006925790441000,1.2148167015569269e-8,10853857791501224000,8.709496922113267e-9,5850752365096851000,8.600766770046272e-9,5128912165225628000,8.911305605758993e-9,5176778570086074000
1.847677941339799e-8,10267332750295296000,1.3953828555679815e-8,11387582348914063000,1.2462187315178128e-8,10608584931262108000,8.635112746070291e-9,5688290108898943000,8.767198736536988e-9,5651100415474819000,8.912439048510158e-9,4986360187890430000
1.86465048883694e-8,10239755988684410000,1.4289379114841303e-8,11554218669996132000,1.2507901021971805e-8,11212077568714020000,8.78381172739631e-9,5449459643898630000,8.789753563114488e-9,4574533228615794700,8.979573980140404e-9,5575507765963348000
1.881565556291925e-8,10139926814083731000,1.42701076502126e-8,11268002462719336000,1.2505690032231458e-8,10934156158352300000,8.819643611552844e-9,6334614286374271000,8.661485245012882e-9,4422461244398383000,9.054694095772514e-9,4823144431722738000
1.8999239917114147e-8,10074238757071593000,1.4599772196146404e-8,11881548530277090000,1.2786082373019216e-8,10576025119511513000,8.917720846119206e-9,6133500948190980000,8.869240512106618e-9,4907246174113372000,9.176953114780923e-9,4628456824516669000
1.916913256795074e-8,10067676001713926000,1.463553047346057e-8,11629237551886133000,1.286197310194467e-8,11214627676475355000,9.032100499523445e-9,5906224923405355000,8.919835693693814e-9,5326099275963435000,9.255169148327644e-9,5322645947288336000
1.931267410525355e-8,9953088619987626000,1.4605383329568531e-8,11400086392242921000,1.2760909956042961e-8,10972197133182175000,9.042551890750883e-9,5676253266161226000,8.92580090178797e-9,5115132055608652000,9.251108549761642e-9,5055401219020519000
1.9494210306114646e-8,9985982171676054000,1.4949284259171e-8,11904295312238748000,1.2982128443036682e-8,10296602327603137000,9.244202530970744e-9,6215612375891440000,9.073161686739072e-9,5789554666582061000,9.311794032497936e-9,4354492992886296600
1.9664277246683022e-8,10001327635603659000,1.491831008560311e-8,11571186522341315000,1.3153644478232179e-8,10494098986159706000,9.37171411484119e-9,5939956776774416000,9.114871467754362e-9,5563920651415831000,9.379428636777636e-9,4859695565850431000
1.9834164917812996e-8,9994138931123554000,1.5227149498442023e-8,11228507612743983000,1.3118289557154423e-8,10005924104004403000,9.35361966641415e-9,5635257759330372000,9.149929893507686e-9,4647285201485715000,9.47459472512295e-9,5486735252573549000
1.997607588575163e-8,10030623463079266000,1.5292983211872865e-8,11671046770311315000,1.3187257497933409e-8,11158910735018590000,9.583421193217158e-9,6192394359873219000,9.301644588594952e-9,5381438649047253000,9.5084702957986e-9,4542765815845931000
5.954592830924003e-10,2887116508814065700,1.5400867559905944e-8,10990730007724646000,1.3419839222738858e-8,10293336364379802000,9.725955610171702e-9,5982244495417866000,9.165148890072619e-9,5255244736431481000,9.61133155579865e-9,5195662897012519000
1.1749067234633923e-9,3723659763447681000,1.5455747910650143e-8,11480569406615556000,1.3486746302231431e-8,10658101711141982000,9.642216540436017e-9,5809028900668068000,9.279642571922649e-9,5008811932752935000,9.618960210860008e-9,4968965832655655000
,,1.5632955750515052e-8,11206744302921425000,1.3500109558368654e-8,11320621628280437000,9.728733343111175e-9,5515585361586289000,9.167511559469412e-9,4858316277770140000,9.742163841513353e-9,4841637108947370000
,,1.5761757427354206e-8,11799413932178338000,1.376450916390802e-8,10894210038308810000,9.921769818422185e-9,6315342566807990000,9.311825960462757e-9,4349129094796280000,9.836493097900695e-9,5451027016717142000
,,1.5738814353894137e-8,11458573046523068000,1.3661798640515495e-8,10282870288621193000,1.0064551677104094e-8,6063622492154999000,9.415700401213143e-9,5886728795857758000,9.818818095855139e-9,4622726210944987000
,,1.5989409126194747e-8,10915232476434100000,1.3825673102482911e-8,10537062571718627000,1.0037612456785923e-8,5842285068826180000,9.388887296356017e-9,5644203975073366000,9.678518636438102e-9,4457403209099071500
,,1.6082324476120875e-8,11913657479390093000,1.386780910348439e-8,11255971690707872000,1.002491630157464e-8,5601675925931080000,9.483488943894665e-9,4670667418465876000,9.938508053979874e-9,5085694472043194000
,,1.6079964095181857e-8,11616957595355281000,1.4091604588655204e-8,10904305555989623000,9.983781908096813e-9,5391564375033512000,9.486242046689846e-9,4479410516691259400,1.011711308919155e-8,4828707560313240000
,,1.6061260317108103e-8,11402099588036227000,1.4145816164800016e-8,10598011022220093000,1.0283014625760032e-8,6389433324854256000,9.610033151895907e-9,5413794752673255000,1.018174593264528e-8,5363493308362418000
,,1.6420725419353036e-8,11726518112637465000,1.4275318415222282e-8,10261501371563129000,1.0363045079936181e-8,6100638862341519000,9.523125231651686e-9,5245487550382021000,1.0129533067507127e-8,4641001778008836000
,,1.64086048134341e-8,11389739557822890000,1.4545492398020866e-8,10102399744977290000,1.0235501982749807e-8,5826729764365128000,9.612427749257523e-9,5011502395921895000,1.0280000443435365e-8,5132597564593598000
,,1.641500373644389e-8,11007302570958143000,1.4597704621956784e-8,10434872845446132000,1.0236938741166775e-8,5585354350314312000,9.620090460814691e-9,4779083840269015000,1.0461255043613444e-8,4927801746170546000
,,1.6661526104668697e-8,11376198739575245000,1.48787542840187e-8,10159367090766940000,1.0568695838034397e-8,6815679317933322000,9.726638070419762e-9,5867591173743729000,1.0492164506357173e-8,5431563729361934000
,,1.674965496058937e-8,11874685583976490000,1.4916230560117596e-8,9885652237777428000,1.0570713685411117e-8,6476680958644179000,9.791215838134175e-9,4512779071285543000,1.0496812419836068e-8,4650714264907547000
,,1.678780947273024e-8,11584500863531770000,1.5241051416558452e-8,10432875271703888000,1.072157041665062e-8,6163053140710679000,9.869470215646265e-9,5607422959598957000,1.0554430423352134e-8,4465142547771812000
,,1.701291213088944e-8,11397146373453054000,1.5218012732731233e-8,10080016162897842000,1.0819868028811051e-8,6393463911133327000,9.927719594666678e-9,5315780157733114000,1.0634801624931894e-8,5204159992717025000
,,1.7108821280436956e-8,11881805781921204000,1.558217042594245e-8,10587396820237638000,1.0873203785268184e-8,5842252228633793000,9.941554894051416e-9,5025932619717808000,1.0556090677522854e-8,4186219847090870300
,,1.72734802596134e-8,12107456705779528000,1.5559664428446497e-8,10301496383271637000,1.09151078707551e-8,5583975062234020000,9.91350334905024e-9,4855833559225618000,1.0834438674837009e-8,4895020666128980000
,,1.7327087797344914e-8,11725234543458472000,1.5553492437781354e-8,10034297846318604000,1.1074832303969561e-8,6046247293699119000,9.993781746678919e-9,4661016780596158000,1.0839829939754016e-8,4667449079611863000
,,1.7592323760779394e-8,12005050319585757000,1.591514594647374e-8,10643046710268088000,1.1102384541212306e-8,6401954195538670000,1.0114089054809167e-8,5879274072185713000,1.0928654108029759e-8,4494988809286983700
,,1.762266453118607e-8,11657443153436158000,1.5885621084829254e-8,10330282573343773000,1.109506665167521e-8,6207221706736339000,1.0123051690648355e-8,5729873090282514000,1.0944776932065514e-8,5346699198866289000
,,1.7968766817060076e-8,12078731766098846000,1.6243517579488133e-8,10813561607136193000,1.1244809718915784e-8,5803259973538599000,1.0266392288714643e-8,5384284799054203000,1.0946346191536494e-8,5083063607741899000
,,1.793142300115734e-8,11736146674174282000,1.6261171350851212e-8,10489537219200254000,1.1265523670264429e-8,5578488560759087000,1.0267988686955718e-8,5116089894553299000,1.1056944661678295e-8,5491026371045562000
,,1.786351573788893e-8,11507674945702631000,1.621084990729209e-8,10267580039680618000,1.1421210812327206e-8,6006956740189737000,1.0248980145042327e-8,4918720338302220000,1.1195405602454358e-8,4910303518623554000
,,1.820406791438196e-8,12303014565359729000,1.6554564994243414e-8,10748428538427122000,1.1447640781606472e-8,6313848338054343000,1.0314906831260965e-8,4693611766214197000,1.1231670449164155e-8,4619852694111050000
,,1.827296713520956e-8,11944106393503451000,1.6552243455016044e-8,10456611057547315000,1.1420348757277024e-8,6151781988620225000,1.0291152425433744e-8,5971708267026760000,1.1218651821508171e-8,4433418921925134300
,,1.840998874263165e-8,12552779917725313000,1.6687018218810112e-8,10308143694047752000,1.15923340611157e-8,5741009564412266000,1.056560201824319e-8,4487165180787116000,1.130058696123144e-8,5173424005248823000
,,1.8527425163907828e-8,12183072554899423000,1.692253045569278e-8,10717204283992656000,1.1630913685275057e-8,5589134621349181000,1.0591363096659446e-8,5381143087315763000,1.142443553677418e-8,5465203033097906000
,,1.871680091690458e-8,11955277120384160000,1.6937350062601062e-8,10443821975811387000,1.181005511029573e-8,6191459509063244000,1.0606916804722257e-8,5141683351154242000,1.1399125782946367e-8,4291954319849003000
,,1.8685720078020836e-8,11608760500284142000,1.7240443463107045e-8,10497834833206501000,1.1732340847521873e-8,5955501632083347000,1.0608069404252314e-8,4948046630104588000,1.1535442684865698e-8,4855082613493015000
,,1.8889116195012973e-8,12253238613091758000,1.7620827601486034e-8,10501776199859468000,1.1864077226773771e-8,6609996814315801000,1.055206775395534e-8,4862071006433153000,1.15709370033578e-8,4588588830957801500
,,1.9111918228712613e-8,11776695628447465000,1.7679986516160205e-8,10817362119230413000,1.1814659122822996e-8,6367410691838953000,1.0694322801217696e-8,4698855250265459000,1.163096556821789e-8,5184824417221102000
,,1.9228831780793444e-8,12231349814662314000,1.7968806654713056e-8,10501363880151132000,1.2148928950522073e-8,6226171592417219000,1.0904868572436835e-8,4455901317633868000,1.1678598100736021e-8,5490030218543133000
,,1.91926313055312e-8,11953363867302767000,1.800045966188771e-8,10919802054419083000,1.2180377995871287e-8,6639283697887300000,1.0969936966544007e-8,5866939843261370000,1.1707748332618081e-8,5339917699138195000
,,1.944338891423837e-8,11608509074896777000,1.797030056669978e-8,10689148616882026000,1.216455130370925e-8,6449892119040317000,1.094439858568238e-8,5410261391233004000,1.182037103572957e-8,4458384036178391000
,,1.95182921673406e-8,11995830748467704000,1.8252147977762604e-8,10513919911617130000,1.2465379781054252e-8,6230248154965633000,1.0946234443659618e-8,5101837251056964000,1.1858882256643083e-8,4979721493241356000
,,1.9554544431551712e-8,11240479823405570000,1.8330452868458597e-8,10862591798540392000,1.252911119163452e-8,6599999529970880000,1.0947367886410783e-8,4911418868861319000,1.1929344372461956e-8,4732472660539836000
,,1.9625047117911715e-8,11004008495027423000,1.836640635027236e-8,10634818025748939000,1.2753045635621922e-8,6323074242769177000,1.0998947513579974e-8,5740294378000263000,1.2136995873670024e-8,4433227354136203300
,,1.9785547046117126e-8,11715631079643034000,1.8700590477936664e-8,10629693907634483000,1.2801073595984364e-8,6799204488085412000,1.1025472810639925e-8,4674849069629929000,1.2209761301896545e-8,5093692883344771000
,,1.9901525409294267e-8,11340663055147100000,1.8906871338975154e-8,10924715381552212000,1.2858639716557595e-8,6622349105345958000,1.1254227556310569e-8,4522468144343388000,1.222785168676443e-8,5309680639333605000
,,1.9899096308403858e-8,11035325073222668000,1.9051846367824337e-8,10555164630499596000,1.308619830383189e-8,6369517937517175000,1.1275036926662655e-8,5879112060569930000,1.2267420469681543e-8,4901205569028694000
,,2.00367991396919e-8,11729628437393818000,1.9246280672798345e-8,10864330712092936000,1.3140595573896585e-8,6725029440212019000,1.1265696081274464e-8,5549523511072989000,1.22485920927125e-8,4673568302126801000
,,,,1.9379802940782748e-8,10558424625318193000,1.3254897687957685e-8,6510780025073580000,1.1284303699172457e-8,5271719566279393000,1.2468677359311865e-8,4381584161291596000
,,,,1.9537420216418585e-8,11145054103776952000,1.3256717581952512e-8,6205037833942546000,1.1285516961835676e-8,5067891438858705000,1.2607130366472426e-8,5202356701263901000
,,,,1.9439951422756925e-8,10286330188782440000,1.3559400435494343e-8,6623283956155931000,1.128665040458684e-8,4877473056663063000,1.2586102608840962e-8,4937318833924551000
,,,,1.9715470622644e-8,10739783269759965000,1.3541759809224246e-8,6316666513082591000,1.1400689112938163e-8,4707475800767273000,1.2592820252639415e-8,4758179963141059000
,,,,1.9873245655385626e-8,11346242816417505000,1.3680345801195862e-8,6242393552783745000,1.1585389196634269e-8,4534183578901903400,1.258261735220104e-8,4573416662074607600
,,,,1.987109442212475e-8,11075832795525020000,1.3895732992166404e-8,6678035124904983000,1.154705169287481e-8,5753045130031393000,1.2815034098602581e-8,4453840048224987000
,,,,1.9953916902668587e-8,10805584117127100000,1.387693426259327e-8,6445417095490931000,1.1644988809286981e-8,5439839457843677000,1.2945730264760596e-8,5283091030230231000
,,,,1.995164615644877e-8,10520151317296142000,1.3948253354013374e-8,6331625828866974000,1.1624049172838426e-8,5159997231775875000,1.2924698675773354e-8,5018696830661683000
,,,,,,1.4155864945265415e-8,7056326774386209000,1.1625198579572001e-8,4966896900535222000,1.2925768262594875e-8,4839006244646074000
,,,,,,1.4202022519837238e-8,6761624361262897000,1.1536630405157058e-8,5604970891900662000,1.291494696308929e-8,4622501802963671000
,,,,,,1.4215322797754321e-8,6561660429813180000,1.1702952296188104e-8,4789329980294031000,1.297880061216345e-8,5423824390689194000
,,,,,,1.4357645691941926e-8,6387046390204197000,1.1923214203216221e-8,4745099714512972000,1.3201311920332206e-8,4436560633663572000
,,,,,,1.4387015428582133e-8,6200057071430386000,1.1934061729264336e-8,5296278556820120000,1.3285768837143627e-8,5122128111260346000
,,,,,,1.4496919465489067e-8,6724684618191946000,1.1963603078715468e-8,5080458285812464000,1.3236555072167713e-8,4845213041007383000
,,,,,,1.4677299163412072e-8,6486029466743923000,1.2049672889883125e-8,4862109319990940000,1.3251746397829798e-8,4666633548167563000
,,,,,,1.4737906042539736e-8,6250433926553375000,1.2301480766439375e-8,5282523989575002000,1.333815578570902e-8,5408477074113264000
,,,,,,1.4961123566882763e-8,6726901331178127000,1.2302805776979468e-8,5059922218839251000,1.3325528731735888e-8,4139017543898710000
,,,,,,1.5004092526015444e-8,6440427818854820000,1.235104893182481e-8,4866949599457884000,1.3383607296144504e-8,3876071596814465000
,,,,,,1.51400843708453e-8,6274513085394209000,1.2640970816386772e-8,5213712839791628000,1.3562381404442622e-8,4482564767412248600
,,,,,,1.530806651604707e-8,6762324952033837000,1.2644115720921695e-8,4685368877924841000,1.3588328608381076e-8,5086339416932588000
,,,,,,1.5361643161396885e-8,6502189274005598000,1.2727463673088312e-8,4924292224277363000,1.3603838415492256e-8,4854255040644841000
,,,,,,1.532049652886588e-8,6030404637554670000,1.2913181194596732e-8,5371258189407019000,1.3604748362489671e-8,4701383945079325000
,,,,,,1.5496391335977992e-8,6319157502490382000,1.301123410309466e-8,4722124351027395000,1.3656522750244275e-8,5497539675869157000
,,,,,,1.5610120206236407e-8,6743741781834623000,1.3059881678827738e-8,5094159214076680000,1.3629240304304274e-8,5333864157008032000
,,,,,,1.5684711594771072e-8,6554917243642872000,1.301039333335436e-8,4863373667397872000,1.3523379944141984e-8,4129898917145680000
,,,,,,1.5770812193619095e-8,6331395947520260000,1.3284303343558318e-8,5368331033592177000,1.3907257847182522e-8,4515805842350625000
,,,,,,1.5977432981339434e-8,7006773411966282000,1.3322334870988237e-8,4675586149503521000,1.396378471250081e-8,5146495534012144000
,,,,,,1.5937689631238033e-8,6778745048227772000,1.3398658670894125e-8,5039650089708562000,1.3922566166029992e-8,4882705593983527000
,,,,,,1.605204123364461e-8,6556181591049806000,1.3363636354148632e-8,4857626633729995000,1.3996134126457992e-8,5408345713343713000
,,,,,,1.6247473902715472e-8,6953378244615645000,1.3585831043332913e-8,5505930345024256000,1.4056992020204324e-8,4678472437523390000
,,,,,,1.6305024059306296e-8,6779204810921202000,1.3618071902209697e-8,5311305134183727000,1.4235568029993432e-8,4455132260037585000
,,,,,,1.6383109370642758e-8,6545929977659394000,1.3661356644118256e-8,4685445505040413000,1.4292805002274777e-8,5196687687931881000
,,,,,,1.6476860365975803e-8,6393463911133325000,1.3716149820946733e-8,4974444671419032000,1.4281637180688655e-8,4915096970408761000
,,,,,,1.6671934909707917e-8,6850825621608872000,1.3962472473146645e-8,5366951745511887000,1.4376974083645761e-8,4722252062886681000
,,,,,,1.6721850481758195e-8,6602940551644727000,1.3941444715515184e-8,5101913878172537000,1.4391360824594347e-8,5470030541378920000
,,,,,,1.6702638969211294e-8,6439670061823054000,1.4000479522470203e-8,4678319183292246000,1.4573494698117922e-8,4541080019303354400
,,,,,,1.693788421401638e-8,7053265172814049000,1.4083883348575263e-8,4907855707987237000,1.4634068699043716e-8,5309411593016711000
,,,,,,1.7048908390355802e-8,6814300029853032000,1.4301394205320219e-8,5393617981730834000,1.4632146939637313e-8,5029457467034106000
,,,,,,1.7097428254229595e-8,6574840293691511000,1.4280328134130969e-8,5135016792099506000,1.4677735512264636e-8,4830347380586476000
,,,,,,1.7286173611068586e-8,7146080114855326000,1.43395225809101e-8,4684602606769125000,1.4865574753461992e-8,5553814629545003000
,,,,,,1.740148697085186e-8,6848252808152707000,1.4394789888016178e-8,4893947886510975000,1.4905062621793976e-8,4616404473910323000
,,,,,,1.7408055423978325e-8,6607866580502909000,1.4626895549613809e-8,5459583711289315000,1.4934647872196732e-8,4393208843028891600
,,,,,,1.755799959593238e-8,7310662620120760000,1.4640723019045269e-8,5114538195462971000,1.498591380711155e-8,5274784650902260000
,,,,,,1.771904541150912e-8,7011496428726063000,1.4646797314352567e-8,5280838193032425000,1.494196240929752e-8,5063217184808833000
,,,,,,1.7746587634981072e-8,6699972373420077000,1.4678597567314816e-8,4685522132155986000,1.5016577424526152e-8,4870423362030469000
,,,,,,1.7863635554016828e-8,7380749561620541000,1.4754202988012215e-8,4868868926257441000,1.5186078884739638e-8,5555097586394292000
,,,,,,1.7913265978933664e-8,7180769210074628000,1.4955540734176822e-8,5630334467154891000,1.5258457300421146e-8,4585178924314859500
,,,,,,1.805583791124687e-8,6964316765363503000,1.4957057312505845e-8,5375549307879029000,1.5217528842316422e-8,4340470230736677000
,,,,,,1.8170325047864116e-8,6718983560793412000,1.4978775170291238e-8,5117753797634284000,1.5296461955147344e-8,5321086585486455000
,,,,,,1.823631327212508e-8,7284999502505662000,1.5073003716755253e-8,4885059141104658000,1.5298191652641553e-8,5030497406459722000
,,,,,,1.8416564048796197e-8,7020052349286967000,1.507407330357678e-8,4705368555089052000,1.5376100447943935e-8,4826877266924157000
,,,,,,1.859030539070006e-8,7369182516079481000,1.5295324521400577e-8,5512175454943349000,1.5535368539318336e-8,5535355157403785000
,,,,,,1.859183261168402e-8,7112609390773613000,1.5268115509779667e-8,5336162970475182000,1.5605846328865397e-8,4613477318095487000
,,,,,,1.8593560712779985e-8,6822288406651382000,1.5297917870343207e-8,5076492832581628000,1.555663256388948e-8,4336562247842521000
,,,,,,1.890063988743792e-8,7451377868716044000,1.5349796822182605e-8,5855081797126652000,1.5691666569774697e-8,5386481443033926000
,,,,,,1.8901878692472993e-8,7243258622823340000,1.5401424341299025e-8,4777060884417923000,1.5636752598812645e-8,5117775691095874000
,,,,,,1.8903018520817127e-8,7051767461009693000,1.565608498151208e-8,5667636547015188000,1.5714696514876323e-8,4908255263661289000
,,,,,,1.890410726441754e-8,6868858536140077000,1.563503168150876e-8,5406889798147850000,1.5944825531375646e-8,4630488537752402000
,,,,,,1.8905093838530526e-8,6703114085158517000,1.5636506753483516e-8,5159077706389015000,1.590344552062559e-8,4393824596636164000
,,,,,,1.9240181022129027e-8,7373984481988639000,1.568025844187759e-8,4929483711357346000,1.597452173145616e-8,5338078648364474000
,,,,,,1.9241327236066125e-8,7181420540556986000,1.5689389041617426e-8,5769106173455217000,1.5975779693270126e-8,5126741063617761000
,,,,,,1.92424766427997e-8,6988320209316334000,1.5761258890430708e-8,4771599925314847000,1.5839338728401777e-8,4313190977593157600
,,,,,,1.91871734167332e-8,6785009314925756000,1.5959171564169083e-8,5543343534202132000,1.6062024310045183e-8,4879024755753390000
,,,,,,1.957979559113923e-8,7284254129654192000,1.5991386082474895e-8,5353143539285871000,1.6317875065146962e-8,4620235829688908000
,,,,,,1.9580944997872803e-8,7091153798413539000,1.5993004830291345e-8,5081193906121951000,1.6313495612638944e-8,5355983851036396000
,,,,,,1.9582062476641556e-8,6903417365262907000,1.6099675096494606e-8,4883194547959081000,1.6315001548313022e-8,5102986657790540000
,,,,,,1.9583238490012485e-8,6705847118947238000,1.6169931518818903e-8,5739119428894829000,1.6352617252010627e-8,4886996712455543000
,,,,,,1.9876534096190594e-8,7277012867232668000,1.6328815714425808e-8,5419499215721368000,1.6433023270275835e-8,4263843115164991500
,,,,,,1.9854439944534087e-8,7032891648207200000,1.6314602448752758e-8,5170035383915766000,1.662260194699667e-8,4695085196179331000
,,,,,,1.985558935126766e-8,6839791316966550000,1.6451752214440143e-8,4915081644985647000,1.6572845406618788e-8,4509356393456675000
,,,,,,1.9856770685966055e-8,6641327087635878000,1.648035647812376e-8,5806117070276342000,1.6681035089192388e-8,5321995468218376000
,,,,,,1.9952538616448257e-8,6376069555898552000,1.6487125206665925e-8,5618395962548822000,1.6640355491835682e-8,5035478168971882000
,,,,,,,,1.6680453024655928e-8,5419782310342787000,1.69506147643534e-8,4914532716194095000
,,,,,,,,1.6653687013546916e-8,5169345739875619000,1.6949101572323676e-8,4593339712123244500
,,,,,,,,1.677732912158381e-8,4968352815731083000,1.6991427411022093e-8,5394476205425236000
,,,,,,,,1.6819964661541e-8,5717459497559900000,1.699267260165013e-8,5185284179914531000
,,,,,,,,1.6849379895531075e-8,5522826624007813000,1.729223141026073e-8,4967961166029273000
,,,,,,,,1.679682646543483e-8,4857550006614424000,1.7277629687682348e-8,4783758094318889000
,,,,,,,,1.699171476270549e-8,5346201122615073000,1.7250629272098268e-8,4572701475662606300
,,,,,,,,1.7134432765457757e-8,5105208844142119000,1.7330598181321275e-8,5379304036542042000
,,,,,,,,1.7145184507611405e-8,5672479380719319000,1.731486280313863e-8,5174571709157607000
,,,,,,,,1.718859855777749e-8,5499608607989592000,1.7615938402931347e-8,4913411173866185000
,,,,,,,,1.7158168014506082e-8,4915388153447934000,1.7626868409555254e-8,4659545539977183000
,,,,,,,,1.7373329771239303e-8,5321086585486453000,1.766981684356769e-8,5356086020523821000
,,,,,,,,1.7473771157572247e-8,5061876210286328000,1.769159399614489e-8,5088328985254754000
,,,,,,,,1.751085824612761e-8,5736156513759392000,1.7646421627344712e-8,4539355909202991000
,,,,,,,,1.752776932807667e-8,5484436439106398000,1.7619578190921e-8,4301926791604119600
,,,,,,,,1.7485921344585086e-8,4919495366842577000,1.7956203025305315e-8,4714471856418968000
,,,,,,,,1.7733764566109622e-8,5293903116237396000,1.8008843938025176e-8,5365051393045709000
,,,,,,,,1.7806548352915924e-8,5065907647977794000,1.8010220033308986e-8,5133867385365928000
,,,,,,,,1.7780557393152943e-8,5740179437326905000,1.8005644755950053e-8,4953088694309204000
,,,,,,,,1.7858340072994285e-8,5557746695246911000,1.812678584007593e-8,4539317595645204500
,,,,,,,,1.8077315739153873e-8,5390524435607898000,1.8323661653156728e-8,4694066055542229000
,,,,,,,,1.8130357781140337e-8,5126013106019832000,1.8347909346040442e-8,5367580087859577000
,,,,,,,,1.8175814422855878e-8,5796768562176596000,1.8377803499502847e-8,5092488742957218000
,,,,,,,,1.8177008528740207e-8,5596158773609918000,1.833378122160691e-8,4892829130623629000
,,,,,,,,1.823546863232844e-8,5269114244349958000,1.8493821741673106e-8,4589929805480304600
,,,,,,,,1.8515199110519368e-8,5745658276090280000,1.8687169514641123e-8,5337389004324329000
,,,,,,,,1.8516338938863495e-8,5554167114276633000,1.868840193408324e-8,5130342538049632000
,,,,,,,,1.8517456417632248e-8,5366430681125999000,1.8689612003949972e-8,4927050800437944000
,,,,,,,,1.8490466644703112e-8,5153586096439710000,1.8690825266613188e-8,4723222673017256000
,,,,,,,,1.8864289899488605e-8,5646298449565659000,1.883941801489262e-8,4550190131932432400
,,,,,,,,1.8846953014590505e-8,5394144154591093000,1.900673423397097e-8,5225228800588970000
,,,,,,,,1.885763291882331e-8,5182295722407236000,1.9057246554887554e-8,4877089921085204000
,,,,,,,,1.9216602220108325e-8,5638671497329091000,1.9089903115866318e-8,5087339400790800000
,,,,,,,,1.919543078663517e-8,5397771171394820000,1.9075972306255386e-8,4443807369450496000
,,,,,,,,1.9196564229386332e-8,5207352789199178000,1.9155390838180044e-8,4664712396912876000
,,,,,,,,1.9361960665551333e-8,5903510134167955000,1.9421784093237447e-8,5347427156464220000
,,,,,,,,1.9542439872298036e-8,5648137500339380000,1.9423706156719705e-8,5024520491445131000
,,,,,,,,1.9506221587203603e-8,5403307480494875000,1.942500881768442e-8,4805673449372391000
,,,,,,,,1.9556506421370836e-8,5093386374882486000,1.9464008826713928e-8,4583173848124066000
,,,,,,,,1.967294542850606e-8,5876460762371152000,1.9583134344031994e-8,4688860885048752000
,,,,,,,,1.9773177800697877e-8,5313284303111637000,1.973279695280122e-8,5315657554348198000
,,,,,,,,1.978736407963876e-8,5642633119204147000,1.974711941211396e-8,5019318361710207000
,,,,,,,,1.9776942791921014e-8,5019846237395257000,1.9781957078796233e-8,4652158686036072000
,,,,,,,,1.9898468608022988e-8,5965578097781025000,,
