t(s),Average T volume 1,Total retention volume 1,Total solute volume 1,Total 1 volume 1,Total 2 volume 1,Total 3 volume 1
0.1,300.0000000000006,9.97886942668024e+17,5591389262992534.0,6.144380319335215e+17,3.77857521471511e+17,0.0
0.1925925925925926,300.0000000000006,1.748589519085564e+18,7225669709557361.0,1.077135143711269e+18,6.635869655422346e+17,641740122504870.9
0.2925925925925926,300.0000000000006,2.399424092841517e+18,9034654320239186.0,1.4772769260683886e+18,9.113511707099086e+17,1761341742985051.5
0.4005925925925926,300.0000000000006,2.970108536581077e+18,1.089786149579951e+16,1.827475518275417e+18,1.1285345655748925e+18,3200591234969849.0
0.5172325925925927,300.0000000000006,3.484406063225104e+18,1.2735110699466358e+16,2.142637501059888e+18,1.324174634547348e+18,4858816918402803.0
0.6432037925925927,300.0000000000006,3.962087863771568e+18,1.4528806997333894e+16,2.435060080797866e+18,1.5058081295649587e+18,6690846411410108.0
0.7792526885925928,300.0000000000006,4.416914668563425e+18,1.6294216651913202e+16,2.71326158844516e+18,1.6786737007786104e+18,8685162687742340.0
0.9261854962725928,300.0000000000006,4.857876902260252e+18,1.8046245745111904e+16,2.982788151331984e+18,1.846196357032079e+18,1.0846148151085264e+16
1.084872928566993,300.0000000000006,5.291062343951966e+18,1.9789052858450856e+16,3.2473816179176433e+18,2.010706873171783e+18,1.3184800004095318e+16
1.256255355444945,300.0000000000006,5.72087830566716e+18,2.1525459195519132e+16,3.509740015609817e+18,2.1738977873460111e+18,1.57150435158164e+16
1.4413483764731332,300.0000000000006,6.150663409464892e+18,2.3262157328086224e+16,3.7719012654538547e+18,2.3370474379280256e+18,1.845254875493363e+16
1.6412488391835767,300.0000000000006,6.583001758194547e+18,2.500947786507335e+16,4.0354412287812076e+18,2.5011366154362066e+18,2.141443611206485e+16
1.8571413389108555,300.0000000000006,7.019938574272279e+18,2.6777464064762124e+16,4.301606013721129e+18,2.6669358398932966e+18,2.4619256593101976e+16
2.090305238616317,300.0000000000006,7.463157831240404e+18,2.857401025298045e+16,4.5714199193461606e+18,2.835076831131131e+18,2.808707051013518e+16
2.342122250298215,300.0000000000006,7.914102347504998e+18,3.0405216278197212e+16,4.84575698461498e+18,3.0061005720089216e+18,3.183957460290729e+16
2.614084622914665,300.0000000000006,8.374059712572504e+18,3.2275820517014196e+16,5.125393958366495e+18,3.1804896836128497e+18,3.5900250076155456e+16
2.907803985340431,300.0000000000006,8.844207625991529e+18,3.4190276014642196e+16,5.411037536304544e+18,3.3586852885942615e+18,4.029452507809067e+16
3.2250208967602583,300.0000000000006,9.325651248684356e+18,3.6152498161962696e+16,5.703348077633463e+18,3.541100728012622e+18,4.504994487632244e+16
3.5676151610936717,300.0000000000006,9.819442038838708e+18,3.8166500323057e+16,6.002950648115048e+18,3.7281285343867556e+18,5.019635601385335e+16
3.937616966573758,300.0000000000006,1.032659801904091e+19,4.0235995397797416e+16,6.310448099120114e+18,3.920147821337334e+18,5.576610318567326e+16
4.337218916492252,300.0000000000006,1.0848113948906836e+19,4.236480687885684e+16,6.626426602016888e+18,4.1175282964588196e+18,6.179424355228889e+16
4.768789022404225,300.0000000000006,1.1384973355795266e+19,4.455664858293676e+16,6.95146361544494e+18,4.320634312886835e+18,6.831877888056549e+16
5.234884736789156,300.0000000000006,1.1938155827103037e+19,4.681524882424982e+16,7.286131558474063e+18,4.5298281124104136e+18,7.538090739432477e+16
5.738268108324881,300.0000000000006,1.2508643725176547e+19,4.914442329662662e+16,7.631002318543428e+18,4.745471684971403e+18,8.302529836510186e+16
6.2819221495834645,300.0000000000006,1.309742873594906e+19,5.1547914865286856e+16,7.986650786886471e+18,4.967929644886835e+18,9.130038931048226e+16
6.869068514142735,300.0000000000006,1.3705515662783003e+19,5.402963781665759e+16,8.353656978497105e+18,5.197570336255064e+18,1.0025871021419246e+17
7.503186587866747,300.0000000000006,1.4333927589671612e+19,5.659351012861324e+16,8.732609242531608e+18,5.434767601685369e+18,1.0995723532603107e+17
8.18803410748868,300.0000000000006,1.4983709620085428e+19,5.924352740503462e+16,9.124106028445794e+18,5.67990229859143e+18,1.2045776564318346e+17
8.927669428680368,300.0000000000006,1.5655932110352808e+19,6.198382170421565e+16,9.528757717101177e+18,5.933363226328037e+18,1.3182734521939534e+17
9.72647557556739,300.0000000000006,1.6351694333091262e+19,6.481860022496153e+16,9.947188670245011e+18,6.195548349016104e+18,1.4413871360519424e+17
10.589186214205375,300.0000000000006,1.7072127669998666e+19,6.7752175930789544e+16,1.0380038770381519e+19,6.466865925620339e+18,1.5747079806602186e+17
11.520913703934399,300.0000000000006,1.781839854054814e+19,7.078899886138199e+16,1.0827964866111834e+19,6.747735426185526e+18,1.719092493894151e+17
12.527179392841745,300.0000000000006,1.8591711416127144e+19,7.39336507740646e+16,1.1291642275975043e+19,7.038588464247707e+18,1.8754702513034794e+17
13.613946336861678,300.0000000000006,1.939331182779537e+19,7.719084781589286e+16,1.1771766207034448e+19,7.339869748220222e+18,2.0448502472481872e+17
14.787654636403207,300.0000000000006,2.0224489309918134e+19,8.05654532328512e+16,1.2269053083669137e+19,7.652037991635017e+18,2.2283278138114154e+17
16.05525959990806,300.0000000000006,2.1086580331766133e+19,8.406248776008806e+16,1.2784241838125965e+19,7.975566789845372e+18,2.4270921603473085e+17
17.424272960493298,300.0000000000006,2.198097125981688e+19,8.768713713949904e+16,1.3318095180214678e+19,8.310945483366957e+18,2.642434590957745e+17
18.902807389925353,300.0000000000006,2.2909101366833635e+19,9.144475950024851e+16,1.3871400849181178e+19,8.658680011935134e+18,2.875757462170992e+17
20.499624573711976,300.0000000000006,2.387246590006318e+19,9.53408932753188e+16,1.4444972854022222e+19,9.019293757932077e+18,3.1285839483357677e+17
22.22418713220153,300.0000000000006,2.4872619224906138e+19,9.93812653524173e+16,1.503965271037091e+19,9.393328380399303e+18,3.402568687835264e+17
24.086714695370244,300.0000000000006,2.5911178062797128e+19,1.035717992200701e+17,1.5656310681749311e+19,9.78134464289862e+18,3.699509389291429e+17
26.098244463592458,300.0000000000006,2.698982484339325e+19,1.0791862293912198e+17,1.6295847036250974e+19,1.0183923235855016e+19,4.021359483481627e+17
28.27069661327245,300.0000000000006,2.8110311191742783e+19,1.1242807686923083e+17,1.695919333661861e+19,1.0601665586878142e+19,4.370241913768338e+17
30.61694493492684,300.0000000000006,2.9274461563846242e+19,1.1710672196086456e+17,1.7647313759802028e+19,1.1035194665455677e+19,4.748464166277102e+17
33.15089312231358,300.0000000000006,3.0484177030455788e+19,1.219613498639058e+17,1.8361206361498458e+19,1.1485155853866414e+19,5.1585346522703776e+17
35.497141443967976,300.0000000000006,3.1566407878979592e+19,1.2646222240188981e+17,1.900063918260353e+19,1.1885351430528272e+19,5.539550434459257e+17
38.03108963135472,300.0000000000006,3.26960821500871e+19,1.310763374752856e+17,1.9666869415473467e+19,1.2302881815464894e+19,5.952545816734761e+17
40.7677536737324,300.0000000000006,3.3875630153913192e+19,1.3582285124824174e+17,2.0360587780072514e+19,1.2739194699393104e+19,6.400248231993683e+17
43.7233508395003,300.0000000000006,3.510732790049333e+19,1.407398131749163e+17,2.108319525993535e+19,1.3194831673238856e+19,6.88561154144254e+17
46.91539577852963,300.0000000000006,3.6393361023909396e+19,1.4585499940076803e+17,2.1836123938568753e+19,1.3670196903949857e+19,7.411851819900522e+17
49.87099294429753,300.0000000000006,3.754852418620107e+19,1.506139262433123e+17,2.2513535891749745e+19,1.4094296061078182e+19,7.900783071298495e+17
53.06303788332686,300.0000000000006,3.8758861172866015e+19,1.555120933927335e+17,2.322174915330991e+19,1.453852243010108e+19,8.430774960623192e+17
56.51044641747853,300.0000000000006,4.002707694700978e+19,1.605673754765726e+17,2.3961460562707636e+19,1.500451447471522e+19,9.005345341103805e+17
60.23364763436234,300.0000000000006,4.1355748872695276e+19,1.658207965503934e+17,2.4734322551174017e+19,1.5492776568024054e+19,9.628289569468328e+17
63.68105616851402,300.0000000000006,4.255274864597589e+19,1.707129471933949e+17,2.543183439375956e+19,1.5929500116132571e+19,1.020701188890432e+18
67.40425738539783,300.0000000000006,4.381042274417174e+19,1.7576331701345107e+17,2.616288966799257e+19,1.638833775848129e+19,1.0834320006844385e+18
71.42531469963234,300.0000000000006,4.513171968141599e+19,1.809889595037215e+17,2.6928240453927977e+19,1.6871051636619692e+19,1.1514386313646554e+18
75.14851591651615,300.0000000000006,4.632508179401876e+19,1.8584211139134058e+17,2.7620429483304382e+19,1.730420126998592e+19,1.214608929337155e+18
79.16957323075066,300.0000000000006,4.7581981233785995e+19,1.9086119670645274e+17,2.83474486382961e+19,1.7760596350691834e+19,1.28307504809166e+18
83.51231513012394,300.0000000000006,4.8905533646532e+19,1.960655093131521e+17,2.911019754534621e+19,1.8241979166043906e+19,1.357291425828782e+18
88.20247638144707,300.0000000000006,5.029877848367896e+19,2.0149741670330067e+17,2.99106818293167e+19,1.8748853402605195e+19,1.4377458350537782e+18
92.54521828082035,300.0000000000006,5.155913714432171e+19,2.0657043056776662e+17,3.0636536309010805e+19,1.920355952679327e+19,1.512470877949907e+18
97.23537953214348,300.0000000000006,5.2888579456807174e+19,2.1183400056203318e+17,3.1400015113689215e+19,1.968326815880403e+19,1.5934621837519334e+18
102.30075368357247,300.0000000000006,5.429051676286435e+19,2.1730097967348298e+17,3.2201939908843946e+19,2.0190016048832307e+19,1.6812598255146796e+18
106.9909149348956,300.0000000000006,5.55608466964757e+19,2.2238976519373427e+17,3.2929952453541536e+19,2.0645706845201715e+19,1.7627976325387722e+18
112.05628908632458,300.0000000000006,5.690299961950033e+19,2.2767323544035008e+17,3.3696660775172256e+19,2.112749846544145e+19,1.851167143446308e+18
117.52689316986789,300.0000000000006,5.8320593531008836e+19,2.3316769328147872e+17,3.4503071369470714e+19,2.163739817439947e+19,1.9469562938572562e+18
122.59226732129687,300.0000000000006,5.960691346469908e+19,2.3828499232348752e+17,3.5236294026409566e+19,2.209643018203558e+19,2.0359042639304737e+18
128.0628714048402,300.0000000000006,6.0967802887847e+19,2.4360813087846458e+17,3.600943910631651e+19,2.258245750184623e+19,2.1322981488058504e+18
133.97112381506696,300.0000000000006,6.240707752257865e+19,2.4915155884822778e+17,3.6823559946722824e+19,2.3097586835152273e+19,2.2367791818553705e+18
139.44172789861028,300.0000000000006,6.371458942734145e+19,2.543171732841683e+17,3.756478815450315e+19,2.3561697609036427e+19,2.333786490517748e+18
145.34998030883705,300.0000000000006,6.5099461868936675e+19,2.5969915255992768e+17,3.834714945174982e+19,2.405370467464348e+19,2.4389085899835075e+18
151.73089291188197,300.0000000000006,6.656571486946849e+19,2.653103101696889e+17,3.9171743233043595e+19,2.4575816522522542e+19,2.552844803732682e+18
157.63914532210873,300.0000000000006,6.789903784388434e+19,2.7054118451972918e+17,3.992338433883981e+19,2.5046493545850524e+19,2.6586187746742804e+18
164.02005792515365,300.0000000000006,6.931259659687963e+19,2.7599849153372e+17,4.071737027398023e+19,2.554599192762551e+19,2.773235903740263e+18
170.91144353644216,300.0000000000006,7.081062175518467e+19,2.816936269974705e+17,4.155484860944493e+19,2.6076620744375718e+19,2.89745877436657e+18
177.29235613948708,300.0000000000006,7.217397090832062e+19,2.8700450796317238e+17,4.231902375467848e+19,2.6555173029818995e+19,3.0127696158599736e+18
184.1837417507756,300.0000000000006,7.3620543087183e+19,2.9255162358827923e+17,4.312676967904476e+19,2.7063505088725852e+19,3.137716695824203e+18
191.6264382109672,300.0000000000006,7.515478605671504e+19,2.98345112533867e+17,4.397928473904796e+19,2.760402475434425e+19,3.273131450789053e+18
198.5178238222557,300.0000000000006,7.655209836068892e+19,3.037491005402393e+17,4.475790311311345e+19,2.8091628764969075e+19,3.3988173820662e+18
205.9605202824473,300.0000000000006,7.80357535569455e+19,3.093989933798777e+17,4.558134062579869e+19,2.8610010916812083e+19,3.5350030209549804e+18
213.99863245945423,300.0000000000006,7.96104236283201e+19,3.153037896437536e+17,4.645084999445842e+19,2.9161675149087453e+19,3.6825946951305073e+18
221.44132891964583,300.0000000000006,8.104544916609519e+19,3.208127282515566e+17,4.724566159334734e+19,2.9659407334604636e+19,3.8195675098917243e+18
229.47944109665275,300.0000000000006,8.25700863337148e+19,3.265772048087374e+17,4.8086568028888736e+19,3.018896104405063e+19,3.9679800559667313e+18
238.1606022478202,300.0000000000006,8.418923910037293e+19,3.326051615605093e+17,4.897488147338341e+19,3.0752932414574907e+19,4.1288200508541174e+18
246.19871442482713,300.0000000000006,8.566560917684793e+19,3.382299169521318e+17,4.9787515192368955e+19,3.126179292818392e+19,4.278071139342983e+18
254.8798755759946,300.0000000000006,8.723502209310382e+19,3.441198723729586e+17,5.0647549955028386e+19,3.1803567045326377e+19,4.4397852203761423e+18
264.25552961925547,300.0000000000006,8.890262230803789e+19,3.502819760379324e+17,5.1556363453745136e+19,3.238093848009943e+19,4.615038398155379e+18
272.93669077042296,300.0000000000006,9.042390169869438e+19,3.56032638265606e+17,5.238835546953275e+19,3.290186835247558e+19,4.77764523842058e+18
282.3123448136838,300.0000000000006,9.20418296117254e+19,3.620582410023674e+17,5.326908648688205e+19,3.345685605360319e+19,4.953828830237908e+18
290.9935059648513,300.0000000000006,9.351910279748133e+19,3.676503908829039e+17,5.407480055391921e+19,3.3959343343026516e+19,5.117308509652763e+18
300.36916000811215,300.0000000000006,9.509170263480128e+19,3.734954483400533e+17,5.492773746823549e+19,3.4496035126854984e+19,5.294434591370858e+18
310.49486637483386,300.0000000000006,9.67650961017777e+19,3.796084725414674e+17,5.582981626720838e+19,3.5069300963805237e+19,5.486370398222703e+18
319.8705204180947,300.0000000000006,9.829366353251839e+19,3.85308453490872e+17,5.665675229608453e+19,3.5587192285659046e+19,5.664410497284055e+18
329.99622678481643,300.0000000000006,9.992146699605503e+19,3.9129298306562246e+17,5.753317293592279e+19,3.6139715806911177e+19,5.857285270155568e+18
340.9319896608759,300.0000000000006,1.0165418248397545e+20,3.9756622076689094e+17,5.8460592323021234e+19,3.6729748689539318e+19,6.066275250648117e+18
351.0576960275976,300.0000000000006,1.0323739654787849e+20,4.03420373436897e+17,5.931134632790315e+19,3.726252039411904e+19,6.260109452419475e+18
361.9934589036571,300.0000000000006,1.0492387738298742e+20,4.0957016150195264e+17,6.021304533514737e+19,3.783116601273256e+19,6.470095873605607e+18
372.1191652703788,300.0000000000006,1.0646593998702456e+20,4.152798958955419e+17,6.103935521568813e+19,3.834642708693016e+19,6.664877788510828e+18
383.0549281464383,300.0000000000006,1.0810983555594288e+20,4.2126208443200826e+17,6.1914943793472954e+19,3.889773330307256e+19,6.875896374965496e+18
394.86555205258253,300.0000000000006,1.0986156395391892e+20,4.275279347246386e+17,6.284189324178317e+19,3.9487610264931525e+19,7.10453251247972e+18
405.801314928642,300.0000000000006,1.0835426420689455e+20,9.183931696570043e+16,6.116077913403898e+19,3.98558997304747e+19,7.245746025415273e+18
415.9270212953637,300.0000000000006,1.0750497368910853e+20,6.1853315733510664e+16,6.003737238731156e+19,4.012167547567741e+19,7.284072510386047e+18
426.8627841714232,300.0000000000006,1.068354944571536e+20,4.84073373856706e+16,5.9122186174730215e+19,4.035802439091327e+19,7.306876554124592e+18
438.67340807756744,300.0000000000006,1.0626416308345386e+20,4.0402243026215016e+16,5.832463256522789e+19,4.057553737961233e+19,7.32359089558758e+18
439.0734080775674,300.0000000000006,1.0624496538203898e+20,4.017516812988807e+16,5.829779563511988e+19,4.0582845883438645e+19,7.324148695350671e+18
439.4734080775674,300.0000000000006,1.0622591642770219e+20,3.995250990919573e+16,5.8271167253884174e+19,4.059009814675833e+19,7.324698517150499e+18
439.8734080775674,300.0000000000006,1.062070131170936e+20,3.9733453928068104e+16,5.824474313940021e+19,4.059729588268191e+19,7.325240641083527e+18
440.27340807756735,300.0000000000006,1.0618825245085557e+20,3.951789143240466e+16,5.821851852438182e+19,4.060444070404321e+19,7.325775330998148e+18
440.67340807756733,300.0000000000006,1.0616963152848652e+20,3.930573035218039e+16,5.819248882481978e+19,4.061153413698119e+19,7.326302836333436e+18
441.0734080775673,300.0000000000006,1.0615114754399974e+20,3.909688221382495e+16,5.816664963835603e+19,4.0618577629880435e+19,7.326823393549592e+18
441.4734080775673,300.0000000000006,1.0613279778182282e+20,3.889126173626338e+16,5.814099673241912e+19,4.062557256038705e+19,7.327337227280515e+18
441.87340807756726,300.0000000000006,1.0611457961291597e+20,3.868878667879308e+16,5.81155260338273e+19,4.063252024112154e+19,7.327844551288438e+18
442.27340807756724,300.0000000000006,1.0609649049109792e+20,3.8489377702312376e+16,5.809023361965375e+19,4.063942192446831e+19,7.328345569273589e+18
442.6734080775672,300.0000000000006,1.0607852794956364e+20,3.8292958238571064e+16,5.806511570905743e+19,4.064627880669274e+19,7.328840475574942e+18
443.0734080775672,300.0000000000006,1.0606068959758365e+20,3.809945436673195e+16,5.804016865587903e+19,4.065309203155127e+19,7.329329455786711e+18
443.47340807756717,300.0000000000006,1.0604297311737263e+20,3.790879469670442e+16,5.801538894185923e+19,4.065986269350871e+19,7.329812687308004e+18
443.87340807756715,300.0000000000006,1.0602537626111633e+20,3.7720910258777576e+16,5.79907731703791e+19,4.066659184064052e+19,7.330290339838099e+18
444.2734080775671,300.0000000000006,1.0600789684814968e+20,3.7535734399130456e+16,5.7966318060648006e+19,4.067328047727602e+19,7.330762575826617e+18
444.6734080775671,300.0000000000006,1.0599053276227364e+20,3.735320268083633e+16,5.794202044228342e+19,4.067992956642424e+19,7.331229550885232e+18
445.0734080775671,300.0000000000006,1.0597328194920489e+20,3.717325279001226e+16,5.791787725023685e+19,4.068654003201161e+19,7.331691414166509e+18
445.47340807756706,300.0000000000006,1.0595614241415016e+20,3.69958244467942e+16,5.789388552003349e+19,4.069311276095607e+19,7.332148308713876e+18
445.87340807756703,300.0000000000006,1.059391122194975e+20,3.682085932084122e+16,5.7870042383294276e+19,4.0699648605096395e+19,7.332600371786054e+18
446.273408077567,300.0000000000006,1.0592218948261759e+20,3.66483009510969e+16,5.7846345063517176e+19,4.07061483829906e+19,7.33304773515873e+18
446.673408077567,300.0000000000006,1.0590537237376939e+20,3.6478094669553416e+16,5.782279087209659e+19,4.0712612881597506e+19,7.333490525405889e+18
447.07340807756697,300.0000000000006,1.058886591141049e+20,3.631018752878337e+16,5.779937720456255e+19,4.071904285785118e+19,7.333928864162446e+18
447.47340807756694,300.0000000000006,1.0587204797376478e+20,3.614452823302021e+16,5.777610153702411e+19,4.072543904013756e+19,7.334362868370142e+18
447.8734080775669,300.0000000000006,1.0585553727006373e+20,3.5981067072582576e+16,5.7752961422801895e+19,4.073180212968135e+19,7.334792650507971e+18
448.2734080775669,300.0000000000006,1.0583912536575733e+20,3.581975586145186e+16,5.772995448923734e+19,4.073813280185015e+19,7.3352183188085e+18
448.6734080775669,300.0000000000006,1.05822810667388e+20,3.566054787782568e+16,5.770707843466729e+19,4.0744431707381965e+19,7.33563997746111e+18
449.07340807756685,300.0000000000006,1.0580659162370467e+20,3.5503397807479736e+16,5.7684331025552376e+19,4.075069947354177e+19,7.336057726803197e+18
449.47340807756683,300.0000000000006,1.0579046672415302e+20,3.5348261689783108e+16,5.7661710093750665e+19,4.0756936705212375e+19,7.33647166350035e+18
449.8734080775668,300.0000000000006,1.0577443449743196e+20,3.519509686622089e+16,5.763921353392591e+19,4.076314398592392e+19,7.336881880716051e+18
450.2734080775668,302.187264620535,1.0575434544677791e+20,3.950632875667282e+16,5.76067689236447e+19,4.077067629624704e+19,7.33739389812966e+18
450.67340807756676,305.3872646205337,1.0572653880011301e+20,4.674431916052443e+16,5.75609216330566e+19,4.078077391084897e+19,7.338098937047072e+18
451.07340807756674,308.58726462053374,1.0568844518896437e+20,5.498257409630376e+16,5.749996918726635e+19,4.079443510571825e+19,7.339058321883588e+18
451.4734080775667,311.78726462053424,1.0563684407309514e+20,6.420529215731246e+16,5.741932000587876e+19,4.081297174577574e+19,7.340347029283408e+18
451.8734080775667,314.98726462053276,1.0556779594482817e+20,7.437607678957259e+16,5.731333202086566e+19,4.083803362367806e+19,7.342054223495026e+18
452.27340807756667,318.18726462053297,1.0547662477654027e+20,8.539712803750254e+16,5.717531883330351e+19,4.0871626053519516e+19,7.344282761679795e+18
452.67340807756665,321.38726462053324,1.0535797131031174e+20,9.709923571136466e+16,5.699759277800208e+19,4.091613151914913e+19,7.347147777449242e+18
453.0734080775666,324.5872646205338,1.0520593346714439e+20,1.0924053546165424e+17,5.677159906670213e+19,4.097431924569934e+19,7.350774619281343e+18
453.4734080775666,327.7872646205325,1.0501429246117179e+20,1.215175391092906e+17,5.64881650658241e+19,4.104931346909346e+19,7.355296387145091e+18
453.8734080775666,330.9872646205329,1.0477679842509842e+20,1.3358959754094578e+17,5.613786893429745e+19,4.114448903621446e+19,7.360850857045663e+18
454.27340807756656,334.1872646205328,1.0448746752851175e+20,1.4511358539478125e+17,5.571150373861664e+19,4.12632741371189e+19,7.367576067381547e+18
454.67340807756653,337.38726462053154,1.0414083619471014e+20,1.55781388625506e+17,5.5200577577349366e+19,4.140887310897072e+19,7.375604119764625e+18
455.0734080775665,340.587264620532,1.0373213296951637e+20,1.6535110714849126e+17,5.459775501977576e+19,4.1583972621712474e+19,7.385054220879802e+18
455.4734080775665,343.7872646205325,1.0325735782267111e+20,1.7366491618239677e+17,5.389713485849306e+19,4.179053036380673e+19,7.396027684188991e+18
455.87340807756647,346.98726462053224,1.0271328635981803e+20,1.8065120041962198e+17,5.309430191286936e+19,4.20297256926486e+19,7.408607553880489e+18
456.27340807756644,350.1872646205317,1.020974301293263e+20,1.8631341080316394e+17,5.2186180444375245e+19,4.230207349127089e+19,7.422862782877116e+18
456.6734080775664,353.3872646205314,1.0140798292688342e+20,1.9071100342061664e+17,5.117079827882631e+19,4.260762104151709e+19,7.438852603119441e+18
457.0734080775664,356.587264620531,1.0064377404111654e+20,1.939382169608266e+17,5.004708610951543e+19,4.294612874247063e+19,7.45662097216964e+18
457.4734080775664,359.7872646205307,9.980423987358019e+19,1.961050367081599e+17,4.881478425513612e+19,4.331719540014252e+19,7.476155181593524e+18
457.87340807756635,362.9872646205306,9.888941800814377e+19,1.973226444794885e+17,4.747446720042787e+19,4.372040485718148e+19,7.497223306055039e+18
458.27340807756633,366.1872646205304,9.78999622597006e+19,1.976939526227629e+17,4.602769835463236e+19,4.415573490415464e+19,7.518835048290941e+18
458.6734080775663,369.3872646205315,9.6837172695632e+19,1.973092096919573e+17,4.4477466688866886e+19,4.462430498347951e+19,7.538091813593755e+18
459.0734080775663,372.58726462052954,9.570303099245185e+19,1.9624659128134998e+17,4.282885854302606e+19,4.512729953141869e+19,7.550626326725906e+18
459.47340807756626,375.7872646205293,9.450022949767856e+19,1.9457184988347664e+17,4.108808184784517e+19,4.566182617848851e+19,7.555749621461514e+18
459.87340807756624,378.98726462053054,9.32321833091907e+19,1.923327277438432e+17,3.9260802657518174e+19,4.622193820818838e+19,7.557109715740259e+18
460.2734080775662,382.1872646205288,9.190301939247618e+19,1.8956076792068502e+17,3.735370159793078e+19,4.680229929860343e+19,7.557457728021251e+18
460.6734080775662,385.38726462053023,9.051754374717658e+19,1.8627782717508093e+17,3.537577298391999e+19,4.739786538812084e+19,7.557627547960689e+18
461.07340807756617,388.5872646205301,8.908119239266607e+19,1.8250035193862928e+17,3.3338236528449044e+19,4.800269361885509e+19,7.557761893423442e+18
461.47340807756615,391.7872646205293,8.759996975455229e+19,1.7824302823535386e+17,3.1254428438643737e+19,4.860941959777042e+19,7.557878689902811e+18
461.8734080775661,394.98726462052906,8.60803691372857e+19,1.7352279916203738e+17,2.9139822320733757e+19,4.920904262091643e+19,7.557981396473592e+18
462.2734080775661,398.18726462052933,8.452926126422934e+19,1.683632410515299e+17,2.701203519392874e+19,4.979079083609388e+19,7.558071993155259e+18
462.6734080775661,401.3872646205283,8.29537363501264e+19,1.6279921044565488e+17,2.4890747043285828e+19,5.034203801337746e+19,7.558152083017522e+18
463.07340807756606,404.5872646205285,8.13608942671016e+19,1.568815498480111e+17,2.279747894508736e+19,5.08483107684226e+19,7.558223003743609e+18
463.47340807756603,407.7872646205281,7.975759044865738e+19,1.5068137538099594e+17,2.0755164039715774e+19,5.1293459163923464e+19,7.558285869637285e+18
463.873408077566,410.98726462052775,7.815015640214752e+19,1.442930990740254e+17,1.8787435288553497e+19,5.166008641323768e+19,7.558341601282305e+18
464.273408077566,414.1872646205291,7.654412175073146e+19,1.378349400728639e+17,1.6917560740383906e+19,5.1930335124218446e+19,7.558390946056381e+18
464.67340807756597,417.3872646205269,7.49439705445271e+19,1.3144545716274627e+17,1.5167003713441796e+19,5.208708688385678e+19,7.558434490065886e+18
465.07340807756594,420.5872646205267,7.335296709295118e+19,1.2527495528747149e+17,1.35536957078467e+19,5.211552376791915e+19,7.558472661897834e+18
465.4734080775659,423.78726462052816,7.177308218926805e+19,1.1947186181612883e+17,1.2090282868900714e+19,5.200482173003688e+19,7.558505728514366e+18
465.8734080775659,426.9872646205263,7.0205036564123345e+19,1.1416629246108526e+17,1.0782777421067645e+19,5.1749559067080016e+19,7.558533783514675e+18
466.2734080775659,430.1872646205281,6.864845658891322e+19,1.0945508242667854e+17,9.630079619241372e+18,5.1350365159484965e+19,7.558556727760287e+18
466.67340807756585,433.38726462052796,6.710211494771005e+19,1.0539293536950422e+17,8.624621376028916e+18,5.081352639441089e+19,7.558574241900752e+18
467.07340807756583,436.587264620525,6.5564215103214854e+19,1.0199217974778086e+17,7.753977901647135e+18,5.01496592721905e+19,7.558585749629467e+18
467.4734080775658,439.78726462052697,6.403267752255513e+19,9.923007557816846e+16,7.002942898630156e+18,4.937191417873435e+19,7.558590369612564e+18
467.8734080775658,442.98726462052696,6.2505395567744705e+19,9.706004808250032e+16,6.355488356689861e+18,4.8494260309908816e+19,7.558586853063584e+18
468.27340807756576,446.187264620525,6.098044330088043e+19,9.54229712689985e+16,5.796226336257867e+18,4.753022049043337e+19,7.558573502920222e+18
468.67340807756574,449.38726462052676,5.945623030230237e+19,9.425606900956264e+16,5.31127095727106e+18,4.649215520654769e+19,7.558548069474139e+18
469.0734080775657,452.5872646205257,5.7931607072482255e+19,9.349872300447893e+16,4.888596956606267e+18,4.53910037768631e+19,7.55850761600844e+18
469.4734080775657,455.7872646205244,5.640592859862177e+19,9.30955846985014e+16,4.5180626053819397e+18,4.423632206215367e+19,7.558448346387575e+18
469.87340807756567,458.98726462052605,5.487908449766395e+19,9.299778349041205e+16,4.1912505180739994e+18,4.303647081160337e+19,7.558365384496205e+18
470.27340807756565,462.1872646205244,5.335150325986742e+19,9.316298357716194e+16,3.9012340418850115e+18,4.179885374158837e+19,7.558252492816985e+18
470.6734080775656,465.3872646205238,5.182413660102326e+19,9.355484336027382e+16,3.642332334480695e+18,4.053014770904371e+19,7.558101714138624e+18
471.0734080775656,468.58726462052664,5.0298428419338396e+19,9.414222793441571e+16,3.409885269551115e+18,3.9236498005601075e+19,7.557902916251839e+18
471.4734080775656,471.78726462052356,4.877627162997753e+19,9.489836706079045e+16,3.2000598622637553e+18,3.792367018629974e+19,7.557643214353322e+18
471.87340807756556,474.98726462052605,4.7259955292788335e+19,9.580003580792045e+16,3.0096893294742e+18,3.6597159687959958e+19,7.557306239546248e+18
472.27340807756553,478.18726462052547,4.575210393198423e+19,9.682675852718562e+16,2.8361410844894034e+18,3.526226487487905e+19,7.556871214088661e+18
472.6734080775655,481.3872646205223,4.425561071517915e+19,9.796004081637894e+16,2.6772098090930575e+18,3.3924129080604713e+19,7.556311784665036e+18
473.0734080775655,484.58726462052556,4.27735661748672e+19,9.918277437779765e+16,2.531035256887985e+18,3.258775358994767e+19,7.555594553653714e+18
473.47340807756547,487.7872646205246,4.1309184415454626e+19,1.004791279597501e+17,2.3960466525082035e+18,3.1257981400276922e+19,7.554677234709765e+18
473.87340807756544,490.987264620523,3.9865729223104045e+19,1.0183510262442232e+17,2.2709296366452142e+18,2.993945814155745e+19,7.553506342277028e+18
474.2734080775654,494.1872646205249,3.8446442932040606e+19,1.0323936810864122e+17,2.1546003335084183e+18,2.8636588926341865e+19,7.552014304081688e+18
474.6734080775654,497.38726462052324,3.705448063724629e+19,1.0468353703744018e+17,2.0461688228953864e+18,2.73535124157909e+19,7.550115861522607e+18
475.0734080775654,500.5872646205217,3.569285055665653e+19,1.0616134531502307e+17,1.944888656426545e+18,2.6094096955691758e+19,7.547703599223194e+18
475.47340807756535,503.78726462052356,3.436435802688917e+19,1.0766711213769262e+17,1.8501067418470915e+18,2.486194174078118e+19,7.544642432123221e+18
475.87340807756533,506.987264620522,3.3071547568976847e+19,1.0919442497284267e+17,1.7612306562078633e+18,2.366035959732779e+19,7.540762890468332e+18
476.2734080775653,510.1872646205207,3.18166377607643e+19,1.1073570900921118e+17,1.677717825958061e+18,2.249233113815036e+19,7.535853087646698e+18
476.6734080775653,513.3872646205243,3.060144904288098e+19,1.1228261724639133e+17,1.599077865053554e+18,2.1360439237773853e+19,7.529649322807157e+18
477.07340807756526,516.5872646205211,2.9427332928758383e+19,1.1382672886503141e+17,1.5248764701249262e+18,2.026680439627222e+19,7.521825333496208e+18
477.47340807756524,519.7872646205197,2.829511699818634e+19,1.153601029459482e+17,1.4547346960291656e+18,1.921304194389932e+19,7.511980255311954e+18
477.8734080775652,522.987264620523,2.720507894296784e+19,1.1687553718988994e+17,1.3883236284115197e+18,1.8200254390047506e+19,7.499625387318941e+18
478.2734080775652,526.1872646205197,2.615695488000528e+19,1.1836661014273965e+17,1.3253571366970202e+18,1.722906116005695e+19,7.484169973108573e+18
478.67340807756517,529.3872646205235,2.5149976843133125e+19,1.1982764383548101e+17,1.2655850068080402e+18,1.6299657716084007e+19,7.464906476405616e+18
479.07340807756515,532.587264620522,2.4182927404945486e+19,1.2125367973806618e+17,1.2087874169643484e+18,1.5411889991062278e+19,7.44099631718083e+18
479.4734080775651,535.7872646205201,2.325419851099934e+19,1.2264049902055355e+17,1.1547707287355978e+18,1.4565329545119787e+19,7.411457738123408e+18
479.8734080775651,538.9872646205225,2.2361845855806206e+19,1.2398467639701573e+17,1.1033641620415116e+18,1.3759338695293942e+19,7.375158322073756e+18
480.2734080775651,542.1872646205209,2.150363652554554e+19,1.2528363928197074e+17,1.0544169098132389e+18,1.299312043692945e+19,7.330815539520879e+18
480.67340807756506,545.3872646205191,2.0677093370765255e+19,1.2653570362802029e+17,1.0077954022017416e+18,1.2265752912921852e+19,7.277009352013652e+18
481.07340807756503,548.5872646205215,1.987954304060172e+19,1.2774006683857794e+17,9.633806094587444e+17,1.157621133986833e+19,7.212211024436074e+18
481.473408077565,551.7872646205196,1.910817530502245e+19,1.288967503954448e+17,9.210654085072169e+17,1.0923381597406181e+19,7.134831548713617e+18
481.873408077565,554.9872646205181,1.8360119378210224e+19,1.3000649621799429e+17,8.807521111514982e+17,1.0306069604338129e+19,7.043291166502607e+18
482.27340807756497,558.1872646205212,1.7632538999125828e+19,1.3107062905800774e+17,8.423502685735844e+17,9.723009728963131e+18,6.936108372531134e+18
482.67340807756494,561.3872646205186,1.6922742939500517e+19,1.3209090160701194e+17,8.057748443428077e+17,9.172874300907196e+18,6.812002892643512e+18
483.0734080775649,564.5872646205175,1.6228300156692777e+19,1.3306934001397461e+17,7.709448076815203e+17,8.654285170903012e+18,6.670000838094288e+18
483.4734080775649,567.7872646205204,1.5547160811640359e+19,1.3400810214616451e+17,7.377821336329384e+17,8.165827162918387e+18,6.50954341294288e+18
483.8734080775649,570.9872646205175,1.4877741956822921e+19,1.3490936536139878e+17,7.06211207534899e+17,7.706063198024464e+18,6.330558185902177e+18
484.27340807756485,574.1872646205208,1.421899686848249e+19,1.3577524106781227e+17,6.761585164565564e+17,7.27354965972156e+18,6.133513451236563e+18
484.67340807756483,577.3872646205194,1.3570444017744087e+19,1.3660772281880856e+17,6.475525826503416e+17,6.866851424602874e+18,5.919432287672076e+18
485.0734080775648,580.5872646205169,1.2932157567608048e+19,1.3740866255491642e+17,6.203240429599278e+17,6.484555582679608e+18,5.689869279413606e+18
485.4734080775648,583.7872646205196,1.2304723261023513e+19,1.3817976985069155e+17,5.944058043623414e+17,6.125283276044392e+18,5.446854410766104e+18
485.87340807756476,586.9872646205184,1.16891683274878e+19,1.389226275165708e+17,5.6973321878861024e+17,5.787699320976581e+18,5.192813160206037e+18
486.27340807756474,590.1872646205165,1.108687667469264e+19,1.396387167915578e+17,5.462442371332068e+17,5.470519514886119e+18,4.930474205881761e+18
486.6734080775647,593.387264620519,1.0499500365871466e+19,1.403294459536734e+17,5.2387951795538106e+17,5.17251571556433e+18,4.662775686398098e+18
487.0734080775647,596.5872646205172,9.928875099454874e+18,1.4099617714190205e+17,5.02582479193878e+17,4.892518906981669e+18,4.3927775361374285e+18
487.47340807756467,599.7872646205162,9.37694311668847e+18,1.4164024102894722e+17,4.822992694549088e+17,4.629420333218005e+18,4.1235832729866245e+18
487.87340807756465,602.9872646205182,8.845674194840873e+18,1.4226297367351192e+17,4.629787913395177e+17,4.382172248081723e+18,3.858260181746121e+18
488.2734080775646,606.1872646205161,8.336990251398924e+18,1.42865680686472e+17,4.445724639797436e+17,4.1497854929342546e+18,3.599766613798459e+18
488.6734080775646,609.387264620515,7.85267295518504e+18,1.4344965347935152e+17,4.270341722445914e+17,3.931328418000422e+18,3.3508607114606776e+18
489.0734080775646,612.5872646205178,7.394258399739062e+18,1.4401614195320448e+17,4.1032007865319885e+17,3.725924152508138e+18,3.1139980266245187e+18
489.47340807756456,615.7872646205158,6.962920622068506e+18,1.4456632569403795e+17,3.943884529611411e+17,3.5327478378329687e+18,2.891218005580364e+18
489.87340807756453,618.9872646205187,6.559354800659026e+18,1.4510127920605085e+17,3.791995058664652e+17,3.3510237659374735e+18,2.684030249649047e+18
490.2734080775645,622.1872646205168,6.183677097342832e+18,1.4562193449003405e+17,3.647152368639102e+17,3.180022569971744e+18,2.493317356017154e+18
490.6734080775645,625.3872646205145,5.835361324816647e+18,1.4612904436645763e+17,3.5089930325291226e+17,3.0190585655364956e+18,2.319274411660782e+18
491.07340807756447,628.5872646205174,5.513231461739337e+18,1.466231495152532e+17,3.377169137311331e+17,2.8674872943681485e+18,2.161404104124808e+18
491.47340807756444,631.7872646205159,5.215522353652521e+18,1.4710455146847654e+17,3.2513474671023725e+17,2.7247032839037814e+18,2.0185797715700303e+18
491.8734080775644,634.987264620515,4.940008689267625e+18,1.475732929385254e+17,3.131208909433762e+17,2.5901380091543967e+18,1.889176496231331e+18
492.2734080775644,638.1872646205163,4.684186772833046e+18,1.4802914605633264e+17,3.016448044571561e+17,2.463258027780034e+18,1.7712547945395185e+18
492.6734080775644,641.3872646205151,4.4454796046427853e+18,1.4847160841837283e+17,2.9067728706624614e+17,2.3435632531869425e+18,1.6627674559712207e+18
493.07340807756435,644.5872646205139,4.221429219019534e+18,1.4889990632555763e+17,2.80190461712145e+17,2.2305853309962524e+18,1.5617535199855816e+18
493.47340807756433,647.7872646205149,4.009844721168191e+18,1.4931300425496256e+17,2.7015776031871152e+17,2.1238860889876751e+18,1.4664878676068442e+18
493.8734080775643,650.987264620514,3.8088886187468703e+18,1.4970961946655866e+17,2.605539106742975e+17,2.0230560380699912e+18,1.375569050536026e+18
494.2734080775643,654.1872646205129,3.6171017598244506e+18,1.5008824074159386e+17,2.5135492193412867e+17,1.9277129108161393e+18,1.2879456863325914e+18
494.67340807756426,657.3872646205144,3.433381169907549e+18,1.504471505674378e+17,2.4253806754277955e+17,1.8375002332840015e+18,1.2028957185133358e+18
495.07340807756424,660.587264620513,3.2569309663952266e+18,1.5078445055572054e+17,2.3408186550811645e+17,1.7520859336742587e+18,1.1199787166571318e+18
495.4734080775642,663.7872646205117,3.0872046047749135e+18,1.5109809039459462e+17,2.2596605682530986e+17,1.6711609965664448e+18,1.038979460988561e+18
495.8734080775642,666.9872646205135,2.9238504722376965e+18,1.5138590107953914e+17,2.1817158333842157e+17,1.5944381734682232e+18,9.598548143515136e+17
496.27340807756417,670.1872646205127,2.7666661911682683e+18,1.5164563345950355e+17,2.1068056642389558e+17,1.5216507594591245e+18,8.82689231825746e+17
496.67340807756415,673.3872646205151,2.6155622636732703e+18,1.5187500323213936e+17,2.0347628764332576e+17,1.4525514425505247e+18,8.076595302472831e+17
497.0734080775641,676.587264620513,2.470533345513396e+18,1.5207174340073046e+17,1.9654317202443654e+17,1.3869112278413417e+18,7.35007202246889e+17
497.4734080775641,679.7872646205121,2.331634775237649e+18,1.522336679751654e+17,1.8986677786226816e+17,1.3245184604980977e+18,6.650158689021184e+17
497.8734080775641,682.9872646205139,2.1989626858913866e+18,1.5235872788155424e+17,1.8343376832680234e+17,1.265177771697724e+18,5.979924179853096e+17
498.27340807756406,686.1872646205118,2.072635679047309e+18,1.5244510619685322e+17,1.7723192371653923e+17,1.2087093571031647e+18,5.3424929203075066e+17
498.67340807756403,689.3872646205109,1.952777616155945e+18,1.5249128671587754e+17,1.7125011058709834e+17,1.1549479987741865e+18,4.7408822007878304e+17
499.073408077564,692.587264620513,1.8395010817412268e+18,1.5249613884559152e+17,1.6547826392488794e+17,1.1037422266328498e+18,4.177844523378989e+17
499.473408077564,695.7872646205126,1.7328914760592617e+18,1.5245899585361162e+17,1.5990735530524915e+17,1.0549534317066502e+18,3.655716931937525e+17
499.87340807756397,698.9872646205101,1.632992109325178e+18,1.523797214029851e+17,1.5452934502974995e+17,1.0084549229841861e+18,3.176281199082565e+17
500.27340807756394,702.1872646205127,1.5397909896701652e+18,1.5225875565632675e+17,1.4933711350631888e+17,9.641309026768101e+17,2.7406421783071152e+17
