0.5,0.0001,1.03864171668e+18
0.5,0.000380952380952,1.03862928758e+18
0.5,0.000661904761905,1.03861691001e+18
0.5,0.000942857142857,1.03860458323e+18
0.5,0.00122380952381,1.03859230651e+18
0.5,0.00150476190476,1.03858007914e+18
0.5,0.00178571428571,1.03856790042e+18
0.5,0.00206666666667,1.03855576968e+18
0.5,0.00234761904762,1.03854368625e+18
0.5,0.00262857142857,1.0385316495e+18
0.5,0.00290952380952,1.03851965877e+18
0.5,0.00319047619048,1.03850771346e+18
0.5,0.00347142857143,1.03849581295e+18
0.5,0.00375238095238,1.03848395664e+18
0.5,0.00403333333333,1.03847214396e+18
0.5,0.00431428571429,1.03846037432e+18
0.5,0.00459523809524,1.03844864716e+18
0.5,0.00487619047619,1.03843696191e+18
0.5,0.00515714285714,1.03880611492e+18
0.5,0.0054380952381,1.03879444323e+18
0.5,0.00571904761905,1.03878281128e+18
0.5,0.006,1.03877121854e+18
0.526923076923,0.0001,1.03863388867e+18
0.526923076923,0.000380952380952,1.03859971065e+18
0.526923076923,0.000661904761905,1.03856593171e+18
0.526923076923,0.000942857142857,1.03853253618e+18
0.526923076923,0.00122380952381,1.03849950933e+18
0.526923076923,0.00150476190476,1.0384668373e+18
0.526923076923,0.00178571428571,1.03843450693e+18
0.526923076923,0.00206666666667,1.03878259803e+18
0.526923076923,0.00234761904762,1.03875064113e+18
0.526923076923,0.00262857142857,1.03832522611e+18
0.526923076923,0.00290952380952,1.03829342159e+18
0.526923076923,0.00319047619048,1.03778114901e+18
0.526923076923,0.00347142857143,1.03774970548e+18
0.526923076923,0.00375238095238,1.03771850933e+18
0.526923076923,0.00403333333333,1.03768755039e+18
0.526923076923,0.00431428571429,1.03765681869e+18
0.526923076923,0.00459523809524,1.03762630445e+18
0.526923076923,0.00487619047619,1.03759599798e+18
0.526923076923,0.00515714285714,1.03756588963e+18
0.526923076923,0.0054380952381,1.03753596976e+18
0.526923076923,0.00571904761905,1.03750622866e+18
0.526923076923,0.006,1.03747665654e+18
0.553846153846,0.0001,1.03861186427e+18
0.553846153846,0.000380952380952,1.03851767307e+18
0.553846153846,0.000661904761905,1.03880636775e+18
0.553846153846,0.000942857142857,1.03832281904e+18
0.553846153846,0.00122380952381,1.03775344327e+18
0.553846153846,0.00150476190476,1.03766638648e+18
0.553846153846,0.00178571428571,1.03758108157e+18
0.553846153846,0.00206666666667,1.03749730783e+18
0.553846153846,0.00234761904762,1.04043780538e+18
0.553846153846,0.00262857142857,1.0403633544e+18
0.553846153846,0.00290952380952,1.04010669366e+18
0.553846153846,0.00319047619048,1.03827942177e+18
0.553846153846,0.00347142857143,1.03819787447e+18
0.553846153846,0.00375238095238,1.03811674534e+18
0.553846153846,0.00403333333333,1.03803577338e+18
0.553846153846,0.00431428571429,1.03795469821e+18
0.553846153846,0.00459523809524,1.03753394477e+18
0.553846153846,0.00487619047619,1.03764576916e+18
0.553846153846,0.00515714285714,1.03755848647e+18
0.553846153846,0.0054380952381,1.03746967763e+18
0.553846153846,0.00571904761905,1.03737907892e+18
0.553846153846,0.006,1.04044927519e+18
0.580769230769,0.0001,1.03855050846e+18
0.580769230769,0.000380952380952,1.03828067384e+18
0.580769230769,0.000661904761905,1.03755603968e+18
0.580769230769,0.000942857142857,1.04035449004e+18
0.580769230769,0.00122380952381,1.03820236655e+18
0.580769230769,0.00150476190476,1.03797307695e+18
0.580769230769,0.00178571428571,1.03759218556e+18
0.580769230769,0.00206666666667,1.03733760553e+18
0.580769230769,0.00234761904762,1.04028772291e+18
0.580769230769,0.00262857142857,1.03983541587e+18
0.580769230769,0.00290952380952,1.03673478066e+18
0.580769230769,0.00319047619048,1.03643865071e+18
0.580769230769,0.00347142857143,1.03611393251e+18
0.580769230769,0.00375238095238,1.03575838288e+18
0.580769230769,0.00403333333333,1.03537035553e+18
0.580769230769,0.00431428571429,1.03494872137e+18
0.580769230769,0.00459523809524,1.03449278966e+18
0.580769230769,0.00487619047619,1.03400223534e+18
0.580769230769,0.00515714285714,1.03278496245e+18
0.580769230769,0.0054380952381,1.03085181113e+18
0.580769230769,0.00571904761905,1.03018507672e+18
0.580769230769,0.006,1.02948485122e+18
0.607692307692,0.0001,1.03876437986e+18
0.607692307692,0.000380952380952,1.03826456249e+18
0.607692307692,0.000661904761905,1.03752019966e+18
0.607692307692,0.000942857142857,1.03839599168e+18
0.607692307692,0.00122380952381,1.03613160678e+18
0.607692307692,0.00150476190476,1.03504823582e+18
0.607692307692,0.00178571428571,1.03479545065e+18
0.607692307692,0.00206666666667,1.02990866914e+18
0.607692307692,0.00234761904762,1.02830564771e+18
0.607692307692,0.00262857142857,1.03051190994e+18
0.607692307692,0.00290952380952,1.02215962044e+18
0.607692307692,0.00319047619048,1.01757658791e+18
0.607692307692,0.00347142857143,1.02294204897e+18
0.607692307692,0.00375238095238,1.01591780124e+18
0.607692307692,0.00403333333333,1.01277874437e+18
0.607692307692,0.00431428571429,1.00951236422e+18
0.607692307692,0.00459523809524,1.00654791977e+18
0.607692307692,0.00487619047619,9.98709817724e+17
0.607692307692,0.00515714285714,9.95551871242e+17
0.607692307692,0.0054380952381,1.00341965801e+18
0.607692307692,0.00571904761905,9.88126505891e+17
0.607692307692,0.006,9.84033213333e+17
0.634615384615,0.0001,1.03746036974e+18
0.634615384615,0.000380952380952,1.03664165488e+18
0.634615384615,0.000661904761905,1.03268794114e+18
0.634615384615,0.000942857142857,1.03054425744e+18
0.634615384615,0.00122380952381,1.02365536116e+18
0.634615384615,0.00150476190476,1.01121126873e+18
0.634615384615,0.00178571428571,9.97875461449e+17
0.634615384615,0.00206666666667,9.88228148698e+17
0.634615384615,0.00234761904762,9.86615847358e+17
0.634615384615,0.00262857142857,9.72757225902e+17
0.634615384615,0.00290952380952,9.56906945827e+17
0.634615384615,0.00319047619048,9.62149939518e+17
0.634615384615,0.00347142857143,9.29505873098e+17
0.634615384615,0.00375238095238,9.29962794655e+17
0.634615384615,0.00403333333333,9.22934032616e+17
0.634615384615,0.00431428571429,9.02546073088e+17
0.634615384615,0.00459523809524,8.83908682512e+17
0.634615384615,0.00487619047619,8.77683362223e+17
0.634615384615,0.00515714285714,8.57949833252e+17
0.634615384615,0.0054380952381,8.45862366701e+17
0.634615384615,0.00571904761905,8.34909401889e+17
0.634615384615,0.006,8.47610694967e+17
0.661538461538,0.0001,1.03731091958e+18
0.661538461538,0.000380952380952,1.02318698829e+18
0.661538461538,0.000661904761905,1.0003622208e+18
0.661538461538,0.000942857142857,9.79253246359e+17
0.661538461538,0.00122380952381,9.61193090677e+17
0.661538461538,0.00150476190476,9.2245473697e+17
0.661538461538,0.00178571428571,8.96064452261e+17
0.661538461538,0.00206666666667,8.4829016951e+17
0.661538461538,0.00234761904762,8.42427064241e+17
0.661538461538,0.00262857142857,8.00185545836e+17
0.661538461538,0.00290952380952,7.65400842144e+17
0.661538461538,0.00319047619048,7.47055830908e+17
0.661538461538,0.00347142857143,7.09976664535e+17
0.661538461538,0.00375238095238,6.90594344144e+17
0.661538461538,0.00403333333333,6.83085854832e+17
0.661538461538,0.00431428571429,6.77303956574e+17
0.661538461538,0.00459523809524,6.7402753514e+17
0.661538461538,0.00487619047619,6.75133758059e+17
0.661538461538,0.00515714285714,6.8802286738e+17
0.661538461538,0.0054380952381,6.94624125561e+17
0.661538461538,0.00571904761905,6.80677614049e+17
0.661538461538,0.006,7.0178155865e+17
0.688461538462,0.0001,1.03318078424e+18
0.688461538462,0.000380952380952,9.87547538231e+17
0.688461538462,0.000661904761905,9.21390368316e+17
0.688461538462,0.000942857142857,8.59871479719e+17
0.688461538462,0.00122380952381,7.77497906489e+17
0.688461538462,0.00150476190476,7.17101145532e+17
0.688461538462,0.00178571428571,6.80775373157e+17
0.688461538462,0.00206666666667,6.76283382277e+17
0.688461538462,0.00234761904762,6.9239825557e+17
0.688461538462,0.00262857142857,7.05947740494e+17
0.688461538462,0.00290952380952,7.06576738125e+17
0.688461538462,0.00319047619048,7.17513940576e+17
0.688461538462,0.00347142857143,7.24375946385e+17
0.688461538462,0.00375238095238,8.00552226406e+17
0.688461538462,0.00403333333333,8.07269669569e+17
0.688461538462,0.00431428571429,8.10442069068e+17
0.688461538462,0.00459523809524,8.62574480419e+17
0.688461538462,0.00487619047619,8.55244562032e+17
0.688461538462,0.00515714285714,9.29575142965e+17
0.688461538462,0.0054380952381,9.23537166974e+17
0.688461538462,0.00571904761905,9.72982170006e+17
0.688461538462,0.006,9.58886265863e+17
0.715384615385,0.0001,1.01205229334e+18
0.715384615385,0.000380952380952,8.88649974827e+17
0.715384615385,0.000661904761905,7.86820675986e+17
0.715384615385,0.000942857142857,6.62631220747e+17
0.715384615385,0.00122380952381,6.53970052347e+17
0.715384615385,0.00150476190476,6.72469257328e+17
0.715384615385,0.00178571428571,6.93190173386e+17
0.715384615385,0.00206666666667,7.62902665995e+17
0.715384615385,0.00234761904762,7.61886662531e+17
0.715384615385,0.00262857142857,8.13804930711e+17
0.715384615385,0.00290952380952,8.61903862743e+17
0.715384615385,0.00319047619048,9.40127493674e+17
0.715384615385,0.00347142857143,9.85962557926e+17
0.715384615385,0.00375238095238,9.82863275053e+17
0.715384615385,0.00403333333333,1.08908918847e+18
0.715384615385,0.00431428571429,1.10252375437e+18
0.715384615385,0.00459523809524,1.17135003017e+18
0.715384615385,0.00487619047619,1.1609471453e+18
0.715384615385,0.00515714285714,1.23399846465e+18
0.715384615385,0.0054380952381,1.21068236657e+18
0.715384615385,0.00571904761905,1.02534667813e+18
0.715384615385,0.006,1.31991077223e+18
0.742307692308,0.0001,9.8707339367e+17
0.742307692308,0.000380952380952,7.96770254483e+17
0.742307692308,0.000661904761905,6.3060330988e+17
0.742307692308,0.000942857142857,6.06242428851e+17
0.742307692308,0.00122380952381,6.33395517037e+17
0.742307692308,0.00150476190476,6.68405084246e+17
0.742307692308,0.00178571428571,7.19929097101e+17
0.742307692308,0.00206666666667,7.95196167888e+17
0.742307692308,0.00234761904762,8.62356072388e+17
0.742307692308,0.00262857142857,9.16502879715e+17
0.742307692308,0.00290952380952,9.56486875628e+17
0.742307692308,0.00319047619048,1.03046624944e+18
0.742307692308,0.0001,9.8707339367e+17
0.742307692308,0.000380952380952,7.96770254483e+17
0.742307692308,0.000661904761905,6.3060330988e+17
0.769230769231,0.0001,9.69337729632e+17
0.769230769231,0.000380952380952,7.51021606073e+17
0.769230769231,0.000661904761905,5.77169174212e+17
0.769230769231,0.000942857142857,5.29239739836e+17
0.769230769231,0.00122380952381,5.57716273416e+17
0.769230769231,0.00150476190476,6.10528893031e+17
0.769230769231,0.00178571428571,6.70232489925e+17
0.769230769231,0.00206666666667,7.37131312449e+17
0.769230769231,0.00234761904762,7.67489120847e+17
0.769230769231,0.00262857142857,8.78581253195e+17
0.769230769231,0.00319047619048,9.49129258837e+17
0.769230769231,0.00347142857143,1.06830293458e+18
0.769230769231,0.00375238095238,1.06450137711e+18
0.769230769231,0.00431428571429,1.27811102682e+18
0.769230769231,0.00459523809524,1.34090648035e+18
0.769230769231,0.00487619047619,1.31367725134e+18
0.769230769231,0.00515714285714,1.39527085125e+18
0.769230769231,0.0054380952381,1.49057481882e+18
0.769230769231,0.006,1.64601511603e+18
0.796153846154,0.0001,9.55165519678e+17
0.796153846154,0.000380952380952,7.12128003841e+17
0.796153846154,0.000661904761905,5.29585575526e+17
0.796153846154,0.000942857142857,4.26047041487e+17
0.796153846154,0.00122380952381,4.3519274206e+17
0.796153846154,0.00150476190476,4.78287444989e+17
0.796153846154,0.00178571428571,5.35290895148e+17
0.796153846154,0.00206666666667,5.79312571776e+17
0.796153846154,0.00234761904762,6.73077540243e+17
0.796153846154,0.00262857142857,7.3923848958e+17
0.796153846154,0.00290952380952,7.94962854831e+17
0.796153846154,0.00319047619048,8.31801182722e+17
0.796153846154,0.00347142857143,9.20153249721e+17
0.742307692308,0.00375238095238,1.08469603879e+18
0.796153846154,0.00375238095238,9.73575386886e+17
0.742307692308,0.00403333333333,1.16838357362e+18
0.796153846154,0.00403333333333,1.03749551552e+18
0.742307692308,0.00431428571429,1.26639847343e+18
0.796153846154,0.00431428571429,1.16842090517e+18
0.742307692308,0.00459523809524,1.24784487604e+18
0.796153846154,0.00459523809524,1.1673055503e+18
0.796153846154,0.00487619047619,1.24575605142e+18
0.796153846154,0.00515714285714,1.35125071891e+18
0.796153846154,0.0054380952381,1.24884480582e+18
0.796153846154,0.00571904761905,1.25729290962e+18
0.796153846154,0.006,1.49061947628e+18
0.823076923077,0.0001,9.43597180306e+17
0.823076923077,0.000380952380952,7.06817614085e+17
0.823076923077,0.000661904761905,5.26941316454e+17
0.823076923077,0.000942857142857,3.68593116214e+17
0.823076923077,0.00122380952381,3.04636835808e+17
0.823076923077,0.00150476190476,3.27134240929e+17
0.823076923077,0.00178571428571,3.76524083025e+17
0.823076923077,0.00206666666667,4.34895001918e+17
0.823076923077,0.00234761904762,4.99864829853e+17
0.823076923077,0.00262857142857,5.74316852277e+17
0.823076923077,0.00290952380952,6.46308318501e+17
0.823076923077,0.00319047619048,7.23237216936e+17
0.823076923077,0.00347142857143,7.85502653456e+17
0.823076923077,0.00375238095238,8.63606873285e+17
0.823076923077,0.00403333333333,9.37626029472e+17
0.823076923077,0.00431428571429,1.01057858331e+18
0.823076923077,0.00459523809524,1.08310540516e+18
0.823076923077,0.00487619047619,1.15690392021e+18
0.823076923077,0.00515714285714,1.22614764165e+18
0.823076923077,0.0054380952381,1.30543260054e+18
0.823076923077,0.00571904761905,1.36443420575e+18
0.823076923077,0.006,1.41096653604e+18
0.85,0.0001,9.38220735029e+17
0.85,0.000380952380952,7.08061648673e+17
0.85,0.000661904761905,5.32882287023e+17
0.85,0.000942857142857,3.62117260278e+17
0.85,0.00122380952381,2.34814810388e+17
0.85,0.00150476190476,2.17139248355e+17
0.85,0.00178571428571,2.69197249405e+17
0.85,0.00206666666667,3.39319501464e+17
0.85,0.00234761904762,4.15367486825e+17
0.85,0.00262857142857,4.94020069843e+17
0.85,0.00290952380952,5.74115394786e+17
0.85,0.00319047619048,6.75928714179e+17
0.85,0.00347142857143,7.57177314737e+17
0.85,0.00375238095238,8.36696962783e+17
0.85,0.00403333333333,9.17998723886e+17
0.85,0.00431428571429,9.75621175191e+17
0.85,0.00459523809524,1.05890474349e+18
0.85,0.00487619047619,1.12219806492e+18
0.85,0.00515714285714,1.210492968e+18
0.85,0.0054380952381,1.26231172591e+18
0.85,0.00571904761905,1.3692411989e+18
0.85,0.006,1.39686276763e+18
0.876923076923,0.0001,9.44602504503e+17
0.876923076923,0.000380952380952,7.15981201035e+17
0.876923076923,0.000661904761905,5.37961970976e+17
0.876923076923,0.000942857142857,3.81917750012e+17
0.876923076923,0.00122380952381,2.79607594567e+17
0.876923076923,0.00150476190476,2.96056194093e+17
0.876923076923,0.00178571428571,3.41973213746e+17
0.876923076923,0.00206666666667,3.87051076541e+17
0.876923076923,0.00234761904762,4.60612044439e+17
0.876923076923,0.00262857142857,5.37380697079e+17
0.876923076923,0.00290952380952,6.00374712931e+17
0.876923076923,0.00319047619048,6.95208894913e+17
0.876923076923,0.00347142857143,7.69951171478e+17
0.876923076923,0.00375238095238,8.4575109911e+17
0.876923076923,0.00403333333333,9.23101376526e+17
0.876923076923,0.00431428571429,9.94576725678e+17
0.876923076923,0.00459523809524,1.06401817851e+18
0.876923076923,0.00487619047619,1.13283457149e+18
0.876923076923,0.00515714285714,1.2018834225e+18
0.742307692308,0.00515714285714,1.41612103759e+18
0.876923076923,0.0054380952381,1.30000911351e+18
0.742307692308,0.0054380952381,1.50594120869e+18
0.876923076923,0.00571904761905,1.37135102116e+18
0.876923076923,0.006,1.41670094878e+18
0.742307692308,0.006,1.4930635066e+18
0.903846153846,0.0001,9.4719446202e+17
0.903846153846,0.000380952380952,7.31581363451e+17
0.903846153846,0.000661904761905,5.57628113217e+17
0.903846153846,0.000942857142857,4.39917711291e+17
0.903846153846,0.00122380952381,4.25174542123e+17
0.903846153846,0.00150476190476,4.6563994386e+17
0.903846153846,0.00178571428571,5.17362183272e+17
0.903846153846,0.00206666666667,5.68469169452e+17
0.903846153846,0.00234761904762,6.21810880114e+17
0.903846153846,0.00262857142857,6.82450793755e+17
0.903846153846,0.00290952380952,7.52509335155e+17
0.903846153846,0.00319047619048,8.06152347763e+17
0.903846153846,0.00347142857143,8.66580657931e+17
0.903846153846,0.00375238095238,9.23850649883e+17
0.7423076923076923,0.004905,1.41077401022e+18
0.903846153846,0.00403333333333,1.00006079875e+18
0.903846153846,0.00431428571429,1.0444558892e+18
0.903846153846,0.00459523809524,1.11179322489e+18
0.903846153846,0.00487619047619,1.17342038456e+18
0.903846153846,0.00515714285714,1.24148957554e+18
0.903846153846,0.0054380952381,1.30421971358e+18
0.903846153846,0.00571904761905,1.37355249698e+18
0.903846153846,0.006,1.44937258347e+18
0.930769230769,0.0001,9.48850639092e+17
0.930769230769,0.000380952380952,7.49775946496e+17
0.930769230769,0.000661904761905,6.10391061179e+17
0.930769230769,0.000942857142857,5.92104914192e+17
0.930769230769,0.00122380952381,6.16709406293e+17
0.930769230769,0.00150476190476,6.47227248555e+17
0.930769230769,0.00178571428571,7.11121897417e+17
0.930769230769,0.00206666666667,7.61653788396e+17
0.930769230769,0.00234761904762,8.21505050992e+17
0.930769230769,0.00262857142857,8.68275077248e+17
0.930769230769,0.00290952380952,9.27175282102e+17
0.930769230769,0.00319047619048,1.00147607092e+18
0.930769230769,0.00347142857143,1.04254863876e+18
0.930769230769,0.00375238095238,1.10163035973e+18
0.930769230769,0.00403333333333,1.15549060838e+18
0.930769230769,0.00431428571429,1.22328407803e+18
0.930769230769,0.00459523809524,1.28147282663e+18
0.930769230769,0.00487619047619,1.33912205503e+18
0.930769230769,0.00515714285714,1.38153713468e+18
0.930769230769,0.0054380952381,1.43336807528e+18
0.930769230769,0.00571904761905,1.46776124085e+18
0.930769230769,0.006,1.52386500764e+18
0.957692307692,0.0001,9.55403258338e+17
0.957692307692,0.000380952380952,7.67726837146e+17
0.957692307692,0.000661904761905,7.33422384343e+17
0.957692307692,0.000942857142857,7.5201024117e+17
0.957692307692,0.00122380952381,7.92416351024e+17
0.957692307692,0.00150476190476,8.40922893156e+17
0.957692307692,0.00178571428571,8.91975314208e+17
0.957692307692,0.00206666666667,9.53371817506e+17
0.957692307692,0.00234761904762,9.98747595287e+17
0.957692307692,0.00262857142857,1.06630956645e+18
0.957692307692,0.00290952380952,1.11123312584e+18
0.957692307692,0.00319047619048,1.16329760249e+18
0.957692307692,0.00347142857143,1.23492255247e+18
0.957692307692,0.00375238095238,1.28971734247e+18
0.957692307692,0.00403333333333,1.33311814861e+18
0.957692307692,0.00431428571429,1.3973587295e+18
0.957692307692,0.00459523809524,1.4436369956e+18
0.957692307692,0.00487619047619,1.49132944587e+18
0.957692307692,0.00515714285714,1.56107969976e+18
0.957692307692,0.0054380952381,1.5954069671e+18
0.957692307692,0.00571904761905,1.65284124756e+18
0.957692307692,0.006,1.70026920103e+18
0.984615384615,0.0001,9.6175301867e+17
0.984615384615,0.000380952380952,8.36953340934e+17
0.984615384615,0.000661904761905,8.57790681948e+17
0.742307692308,0.00571904761905,1.48259586174e+18
0.769230769231,0.00571904761905,1.43607454502e+18
0.742307692308,0.00347142857143,1.13357549158e+18
0.984615384615,0.000942857142857,8.99043955374e+17
0.984615384615,0.00122380952381,9.46326288461e+17
0.984615384615,0.00150476190476,1.00925848502e+18
0.984615384615,0.00178571428571,1.06043513205e+18
0.984615384615,0.00206666666667,1.10936560517e+18
0.984615384615,0.00234761904762,1.18359740545e+18
0.984615384615,0.00262857142857,1.23731788864e+18
0.984615384615,0.00290952380952,1.28217051077e+18
0.984615384615,0.00319047619048,1.35227332572e+18
0.984615384615,0.00347142857143,1.40913466998e+18
0.984615384615,0.00375238095238,1.46801962624e+18
0.984615384615,0.00403333333333,1.51689419904e+18
0.984615384615,0.00431428571429,1.58876394261e+18
0.984615384615,0.00459523809524,1.62788229445e+18
0.984615384615,0.00487619047619,1.6850116658e+18
0.984615384615,0.00515714285714,1.75061173647e+18
0.984615384615,0.0054380952381,1.82226439659e+18
0.984615384615,0.00571904761905,1.85726165031e+18
0.984615384615,0.006,1.90079010305e+18
1.01153846154,0.0001,9.71558658876e+17
1.01153846154,0.000380952380952,9.23639534625e+17
1.01153846154,0.000661904761905,9.75484388852e+17
1.01153846154,0.000942857142857,1.03174151191e+18
1.01153846154,0.00122380952381,1.07961647566e+18
1.01153846154,0.00150476190476,1.15144571136e+18
1.01153846154,0.00178571428571,1.20409474557e+18
1.01153846154,0.00206666666667,1.26514301902e+18
1.01153846154,0.00234761904762,1.3462691024e+18
1.01153846154,0.00262857142857,1.41456648569e+18
1.01153846154,0.00290952380952,1.46819669474e+18
1.01153846154,0.00319047619048,1.54637988387e+18
1.01153846154,0.00347142857143,1.6030514694e+18
1.01153846154,0.00375238095238,1.65285918237e+18
1.01153846154,0.00403333333333,1.72954566474e+18
1.01153846154,0.00431428571429,1.78299273601e+18
1.01153846154,0.00459523809524,1.81960847867e+18
1.01153846154,0.00487619047619,1.8944326897e+18
1.01153846154,0.00515714285714,1.93293004106e+18
1.01153846154,0.0054380952381,1.99710359108e+18
1.01153846154,0.00571904761905,2.03599245234e+18
1.01153846154,0.006,2.1024901891e+18
1.03846153846,0.0001,9.90679837223e+17
1.03846153846,0.000380952380952,1.00809827805e+18
1.03846153846,0.000661904761905,1.0750342152e+18
1.03846153846,0.000942857142857,1.13945783008e+18
1.03846153846,0.00122380952381,1.19724717276e+18
1.03846153846,0.00150476190476,1.28381602795e+18
1.03846153846,0.00178571428571,1.35705437337e+18
1.03846153846,0.00206666666667,1.43485229223e+18
1.03846153846,0.00234761904762,1.51889492996e+18
1.03846153846,0.00262857142857,1.58207876235e+18
1.03846153846,0.00290952380952,1.63556932825e+18
1.03846153846,0.00319047619048,1.7076945475e+18
1.03846153846,0.00347142857143,1.76071794882e+18
1.03846153846,0.00375238095238,1.81399635316e+18
1.03846153846,0.00403333333333,1.88527568722e+18
1.03846153846,0.00431428571429,1.93277567284e+18
1.03846153846,0.00459523809524,1.96747148889e+18
1.03846153846,0.00487619047619,2.04278194148e+18
1.03846153846,0.00515714285714,2.07979563213e+18
1.03846153846,0.0054380952381,2.14196992265e+18
1.03846153846,0.00571904761905,2.17924776257e+18
1.03846153846,0.006,2.24520364615e+18
1.06538461538,0.0001,1.02112753035e+18
1.06538461538,0.000380952380952,1.08257395785e+18
1.06538461538,0.000661904761905,1.15596920753e+18
1.06538461538,0.000942857142857,1.24344628418e+18
1.06538461538,0.00122380952381,1.33429925379e+18
1.06538461538,0.00150476190476,1.42762853227e+18
1.06538461538,0.00178571428571,1.49914148065e+18
1.06538461538,0.00206666666667,1.56951667813e+18
1.06538461538,0.00234761904762,1.65053007955e+18
1.06538461538,0.00262857142857,1.70583967327e+18
1.06538461538,0.00290952380952,1.75939034531e+18
1.06538461538,0.00319047619048,1.83064249459e+18
1.06538461538,0.00347142857143,1.87956618066e+18
1.06538461538,0.00375238095238,1.93403871743e+18
1.06538461538,0.00403333333333,2.00338683399e+18
1.06538461538,0.00431428571429,2.05275601153e+18
1.06538461538,0.00459523809524,2.08814797268e+18
1.06538461538,0.00487619047619,2.16755939965e+18
1.06538461538,0.00515714285714,2.20760845231e+18
1.06538461538,0.0054380952381,2.27169294324e+18
1.06538461538,0.00571904761905,2.31172284589e+18
1.06538461538,0.006,2.37961211759e+18
1.09230769231,0.0001,1.061345271e+18
1.09230769231,0.000380952380952,1.14356921747e+18
1.09230769231,0.000661904761905,1.25502078672e+18
1.09230769231,0.000942857142857,1.36486148461e+18
1.09230769231,0.00122380952381,1.44992562676e+18
1.09230769231,0.00150476190476,1.53549093109e+18
1.09230769231,0.00178571428571,1.5991185802e+18
1.09230769231,0.00206666666667,1.66198154856e+18
1.09230769231,0.00234761904762,1.74364550559e+18
1.09230769231,0.00262857142857,1.79836670787e+18
1.09230769231,0.00290952380952,1.85770986974e+18
1.09230769231,0.00319047619048,1.93176513742e+18
1.09230769231,0.00347142857143,1.98458664944e+18
1.09230769231,0.00375238095238,2.04260236154e+18
1.09230769231,0.00403333333333,2.11538632675e+18
1.09230769231,0.00431428571429,2.16877055306e+18
1.09230769231,0.00459523809524,2.2082766974e+18
1.09230769231,0.00487619047619,2.29122354093e+18
1.09230769231,0.00515714285714,2.3337895167e+18
1.09230769231,0.0054380952381,2.39957375324e+18
1.09230769231,0.00571904761905,2.44154678014e+18
1.09230769231,0.006,2.51032836796e+18
1.11923076923,0.0001,1.10084318214e+18
1.11923076923,0.000380952380952,1.21481739203e+18
1.11923076923,0.000661904761905,1.35888422486e+18
1.11923076923,0.000942857142857,1.45377933545e+18
1.11923076923,0.00122380952381,1.52647686297e+18
1.11923076923,0.00150476190476,1.60958473877e+18
1.11923076923,0.00178571428571,1.67701937856e+18
1.11923076923,0.00206666666667,1.74542953474e+18
1.11923076923,0.00234761904762,1.83199295988e+18
1.11923076923,0.00262857142857,1.89354017379e+18
1.11923076923,0.00290952380952,1.95882411686e+18
1.11923076923,0.00319047619048,2.03611693892e+18
1.11923076923,0.00347142857143,2.09282066568e+18
1.11923076923,0.00375238095238,2.15301869392e+18
1.11923076923,0.00403333333333,2.22732831323e+18
1.11923076923,0.00431428571429,2.2820408843e+18
1.11923076923,0.00459523809524,2.32502364363e+18
1.11923076923,0.00487619047619,2.40821988977e+18
1.11923076923,0.00515714285714,2.45167610662e+18
1.11923076923,0.0054380952381,2.51744582268e+18
1.11923076923,0.00571904761905,2.55973609478e+18
1.11923076923,0.006,2.62825055566e+18
1.14615384615,0.0001,1.13412535525e+18
1.14615384615,0.000380952380952,1.30817613226e+18
1.14615384615,0.000661904761905,1.42858051724e+18
1.14615384615,0.000942857142857,1.5136937391e+18
1.14615384615,0.00122380952381,1.59081414604e+18
1.14615384615,0.00150476190476,1.68281925699e+18
1.14615384615,0.00178571428571,1.7614780646e+18
1.14615384615,0.00206666666667,1.83699537584e+18
1.14615384615,0.00234761904762,1.9263635872e+18
1.14615384615,0.00262857142857,1.99386824507e+18
1.14615384615,0.00290952380952,2.06102251239e+18
1.14615384615,0.00319047619048,2.1391303782e+18
1.14615384615,0.00347142857143,2.19651250487e+18
1.14615384615,0.00375238095238,2.25753721752e+18
1.14615384615,0.00403333333333,2.33125336933e+18
1.14615384615,0.00431428571429,2.38622032278e+18
1.14615384615,0.00459523809524,2.43058540435e+18
1.14615384615,0.00487619047619,2.51357484591e+18
1.14615384615,0.00515714285714,2.55740849914e+18
1.14615384615,0.0054380952381,2.62255051059e+18
1.14615384615,0.00571904761905,2.66469176969e+18
1.14615384615,0.006,2.73251904463e+18
1.17307692308,0.0001,1.1554625174e+18
1.17307692308,0.000380952380952,1.37204617424e+18
1.17307692308,0.000661904761905,1.47500363734e+18
1.17307692308,0.000942857142857,1.57491511778e+18
1.17307692308,0.00122380952381,1.66609238664e+18
1.17307692308,0.00150476190476,1.76675551245e+18
1.17307692308,0.00178571428571,1.84948941335e+18
1.17307692308,0.00206666666667,1.92655604414e+18
1.17307692308,0.00234761904762,2.01648514877e+18
1.17307692308,0.00262857142857,2.08724401862e+18
1.17307692308,0.00290952380952,2.15493167174e+18
1.17307692308,0.00319047619048,2.23281899007e+18
1.17307692308,0.00347142857143,2.28990214524e+18
1.17307692308,0.00375238095238,2.35121147225e+18
1.17307692308,0.00403333333333,2.42392546981e+18
1.17307692308,0.00431428571429,2.48168527202e+18
1.17307692308,0.00459523809524,2.52618237645e+18
1.17307692308,0.00487619047619,2.60854192304e+18
1.17307692308,0.00515714285714,2.65249111452e+18
1.17307692308,0.0054380952381,2.71670945842e+18
1.17307692308,0.00571904761905,2.75850616865e+18
1.17307692308,0.006,2.82535400182e+18
1.2,0.0001,1.19340690849e+18
1.2,0.000380952380952,1.40561392894e+18
1.2,0.000661904761905,1.52881941054e+18
1.2,0.000942857142857,1.64601636507e+18
1.2,0.00122380952381,1.74256716463e+18
1.2,0.00150476190476,1.84808326039e+18
1.2,0.00178571428571,1.93119534569e+18
1.2,0.00206666666667,2.0079230688e+18
1.2,0.00234761904762,2.10129684987e+18
1.2,0.00262857142857,2.17154183819e+18
1.2,0.00290952380952,2.23912882525e+18
1.2,0.00319047619048,2.3162846556e+18
1.2,0.00347142857143,2.37271725617e+18
1.2,0.00375238095238,2.43409270625e+18
1.2,0.00403333333333,2.50961351972e+18
1.2,0.00431428571429,2.56650023857e+18
1.2,0.00459523809524,2.61086728306e+18
1.2,0.00487619047619,2.69215742375e+18
1.2,0.00515714285714,2.73595041304e+18
1.2,0.0054380952381,2.7990177228e+18
1.2,0.00571904761905,2.84030527162e+18
1.2,0.006,2.90593717579e+18
