t(s),Average T volume 1,Total retention volume 1,Total solute volume 1,Total 1 volume 1,Total 2 volume 1
0.1,300.0000000000006,1.002144128572478e+18,5549768094617512.0,6.401791156218872e+17,3.5641524485597395e+17
0.1925925925925926,300.0000000000006,1.756303501704715e+18,7173501121825663.0,1.1229982705783725e+18,6.261317300045172e+17
0.2925925925925926,300.0000000000006,2.4100088511855017e+18,8973278505993613.0,1.5409272816187305e+18,8.60108291060777e+17
0.4005925925925926,300.0000000000006,2.9828706504235617e+18,1.0828220720936168e+16,1.906824072841431e+18,1.065218356861198e+18
0.5172325925925927,300.0000000000006,3.498746036561275e+18,1.265740630665405e+16,2.2361293543861673e+18,1.249959275868456e+18
0.6432037925925927,300.0000000000006,3.9775561474682373e+18,1.4442725026452912e+16,2.541663837781295e+18,1.4214495846604918e+18
0.7792526885925928,300.0000000000006,4.43317890227944e+18,1.6199637773091518e+16,2.832332431207654e+18,1.584646833298698e+18
0.9261854962725928,300.0000000000006,4.874663906578094e+18,1.7943674582655992e+16,3.113931810479876e+18,1.742788421515566e+18
1.084872928566993,300.0000000000006,5.308122298613605e+18,1.9679079011565596e+16,3.3903704533210906e+18,1.8980727662809508e+18
1.256255355444945,300.0000000000006,5.737974072317624e+18,2.1408304079454468e+16,3.6644693968053555e+18,2.0520963714328159e+18
1.4413483764731332,300.0000000000006,6.167567379537641e+18,2.3137659072432244e+16,3.938362481977502e+18,2.2060672384877084e+18
1.6412488391835767,300.0000000000006,6.599492994227422e+18,2.487728962920817e+16,4.213701327253416e+18,2.3609143773447977e+18
1.8571413389108555,300.0000000000006,7.035795462649571e+18,2.663734794976097e+16,4.491790604656203e+18,2.517367510043608e+18
2.090305238616317,300.0000000000006,7.478152719416968e+18,2.842575956693995e+16,4.773702200911329e+18,2.676024758938704e+18
2.342122250298215,300.0000000000006,7.927996152773922e+18,3.0248725509308376e+16,5.060349972610042e+18,2.8373974546545766e+18
2.614084622914665,300.0000000000006,8.386599212185112e+18,3.211093091571161e+16,5.352546461471162e+18,3.00194181979825e+18
2.907803985340431,300.0000000000006,8.855122193888811e+18,3.401687184920012e+16,5.651030915607098e+18,3.1700744064325207e+18
3.2250208967602583,300.0000000000006,9.334650765652195e+18,3.5970402475177584e+16,5.956494588079205e+18,3.3421857750978227e+18
3.5676151610936717,300.0000000000006,9.826213910923465e+18,3.797557445997553e+16,6.269591829517513e+18,3.518646506945985e+18
3.937616966573758,300.0000000000006,1.0330805035510352e+19,4.003604401695385e+16,6.590954167299758e+18,3.6998148241936445e+18
4.337218916492252,300.0000000000006,1.0849391093186925e+19,4.215567630976223e+16,6.921195643244882e+18,3.8860397736322796e+18
4.768789022404225,300.0000000000006,1.1382925460432714e+19,4.433813388762858e+16,7.260921650721372e+18,4.0776656758237194e+18
5.234884736789156,300.0000000000006,1.193235408876955e+19,4.658718103877876e+16,7.610732246944615e+18,4.275034660786167e+18
5.738268108324881,300.0000000000006,1.2498622830570072e+19,4.890660696333106e+16,7.971227407560932e+18,4.4784888160458143e+18
6.2819221495834645,300.0000000000006,1.3082683268504834e+19,5.1300159411863976e+16,8.34301033236149e+18,4.688372776731491e+18
6.869068514142735,300.0000000000006,1.3685496313219006e+19,5.3771769683764984e+16,8.726689874288441e+18,4.905034669246808e+18
7.503186587866747,300.0000000000006,1.4308037375700021e+19,5.632533753393319e+16,9.122883984193658e+18,5.128828053972431e+18
8.18803410748868,300.0000000000006,1.4951299416363688e+19,5.89648789166415e+16,9.532221369889489e+18,5.360113167557567e+18
8.927669428680368,300.0000000000006,1.5616295996038437e+19,6.169453941979837e+16,9.955343615762823e+18,5.59925784085582e+18
9.72647557556739,300.0000000000006,1.6304064671858067e+19,6.451852814750729e+16,1.039290736460261e+19,5.846638779107962e+18
10.589186214205375,300.0000000000006,1.7015669644779284e+19,6.7441176642369784e+16,1.0845585881835037e+19,6.102642586301887e+18
11.520913703934399,300.0000000000006,1.7752204245588052e+19,7.04669600430928e+16,1.1314070652815501e+19,6.36766663272947e+18
12.527179392841745,300.0000000000006,1.851479353297157e+19,7.360048348571515e+16,1.1799073049596449e+19,6.642119999889421e+18
13.613946336861678,300.0000000000006,1.9304596784815673e+19,7.684649055531333e+16,1.2301325871766315e+19,6.926424422494065e+18
14.787654636403207,300.0000000000006,2.0122809858084774e+19,8.020987958320634e+16,1.2821584800913232e+19,7.221015177588345e+18
16.05525959990806,300.0000000000006,2.0970667501591675e+19,8.369571356993234e+16,1.3360629834701021e+19,7.526341953320745e+18
17.424272960493298,300.0000000000006,2.1849445654192808e+19,8.730922746946651e+16,1.3919266709482066e+19,7.842869717241272e+18
18.902807389925353,300.0000000000006,2.276046372965748e+19,9.105583646049014e+16,1.4498328310757569e+19,8.171079582439446e+18
20.499624573711976,300.0000000000006,2.3705086893962465e+19,9.494114513355925e+16,1.509867607956221e+19,8.511469669266711e+18
22.22418713220153,300.0000000000006,2.468472834783765e+19,9.897095694983163e+16,1.5721201425491575e+19,8.86455596539626e+18
24.086714695370244,300.0000000000006,2.5700851628816683e+19,1.0315128381919142e+17,1.6366827155131611e+19,9.230873189865892e+18
26.098244463592458,300.0000000000006,2.6754972947100602e+19,1.074883557523063e+17,1.7036508924783854e+19,9.610975666564458e+18
28.27069661327245,300.0000000000006,2.7848663572144288e+19,1.119886302511144e+17,1.7731236737794073e+19,1.000543820409912e+19
30.61694493492684,300.0000000000006,2.8983552286505456e+19,1.1665880150667965e+17,1.8452036517196837e+19,1.0414856967801954e+19
33.15089312231358,300.0000000000006,3.016132790098991e+19,1.2150581184180706e+17,1.9199971703528366e+19,1.083985038561975e+19
35.497141443967976,300.0000000000006,3.121367909710524e+19,1.2600446630348189e+17,1.9869599946866037e+19,1.1218074683935742e+19
38.03108963135472,300.0000000000006,3.2310803184898294e+19,1.306136052833012e+17,2.0567473877243118e+19,1.1612715702371906e+19
40.7677536737324,300.0000000000006,3.345491709821725e+19,1.353548037320616e+17,2.1294473487117246e+19,1.2025088807367954e+19
43.7233508395003,300.0000000000006,3.4648045820762436e+19,1.4026802692172203e+17,2.2052044930791014e+19,1.2455732863049726e+19
46.46001488187798,300.0000000000006,3.571856389875141e+19,1.4483655434983053e+17,2.273319169701595e+19,1.2840535647385639e+19
49.41561204764588,300.0000000000006,3.683894050821082e+19,1.495374386752696e+17,2.344571316713365e+19,1.3243689902401905e+19
52.60765698667521,300.0000000000006,3.801150606297297e+19,1.54390875563753e+17,2.419052236917497e+19,1.3666592818234264e+19
56.055065520826886,300.0000000000006,3.923843651810662e+19,1.594372831909966e+17,2.496920976825755e+19,1.4109789466658101e+19
59.247110459856216,300.0000000000006,4.0342453803981914e+19,1.641419536628872e+17,2.5671598593979548e+19,1.4506713256339505e+19
62.69451899400789,300.0000000000006,4.15010051245921e+19,1.6899852867708634e+17,2.640824514884315e+19,1.4923761447071912e+19
66.4177202108917,300.0000000000006,4.271660687901156e+19,1.740256201955872e+17,2.718010383530388e+19,1.5362477423512111e+19
70.43877752512621,300.0000000000006,4.399164222078465e+19,1.7926516846305677e+17,2.7988959457440555e+19,1.5823417594881092e+19
74.16197874201002,300.0000000000006,4.514132946904453e+19,1.8415964013307686e+17,2.8720362400932024e+19,1.6236807427979452e+19
78.18303605624453,300.0000000000006,4.635017942168884e+19,1.8922371793582323e+17,2.948884154192927e+19,1.6672114161823773e+19
82.52577795561781,300.0000000000006,4.762093321636115e+19,1.944751630408356e+17,3.029541366757228e+19,1.7131044385748044e+19
86.54683526985232,300.0000000000006,4.876909685707465e+19,1.993660641636022e+17,3.1025999355503067e+19,1.7543731437408043e+19
90.8895771692256,300.0000000000006,4.997873821092723e+19,2.0443253944537437e+17,3.1794943582195954e+19,1.7979362089285927e+19
95.57973842054874,300.0000000000006,5.1252752782665654e+19,2.096953118138843e+17,3.2603420566362853e+19,1.843963690448893e+19
99.92248031992202,300.0000000000006,5.240578940887629e+19,2.1460128884954205e+17,3.33370602785783e+19,1.8854127841448477e+19
104.61264157124515,300.0000000000006,5.362251134106683e+19,2.1969469946426947e+17,3.4110407055846044e+19,1.9292409585756537e+19
109.67801572267413,300.0000000000006,5.4905962612895834e+19,2.2499431573615958e+17,3.492469100660683e+19,1.9756277290552873e+19
114.36817697399727,300.0000000000006,5.606911807944621e+19,2.2993854055678128e+17,3.5664729341596815e+19,2.017445019729268e+19
119.43355112542625,300.0000000000006,5.729812468445905e+19,2.3508114805802192e+17,3.6445788736110674e+19,2.0617254800290402e+19
124.90415520896956,300.0000000000006,5.859618010417408e+19,2.4043929349464096e+17,3.726915563167431e+19,2.1086585179005174e+19
129.96952936039855,300.0000000000006,5.977389020386176e+19,2.4544131399288378e+17,3.801842473891268e+19,2.1510024150956237e+19
135.44013344394187,300.0000000000006,6.101962773138109e+19,2.5065208280551958e+17,3.881002440036736e+19,2.195895124820825e+19
141.34838585416864,300.0000000000006,6.233674742539717e+19,2.560874163238362e+17,3.964529907222199e+19,2.2435360936851358e+19
146.81898993771196,300.0000000000006,6.353287622972893e+19,2.6116416883218717e+17,4.040626695218732e+19,2.2865445108709437e+19
152.72724234793873,300.0000000000006,6.479925278421317e+19,2.664597144617778e+17,4.1210891067207746e+19,2.3321902002543698e+19
159.10815495098365,300.0000000000006,6.613939180056319e+19,2.7198873527706746e+17,4.206057569985338e+19,2.3806827365432795e+19
165.0164073612104,300.0000000000006,6.735739322240072e+19,2.7715528508007363e+17,4.2835449341350175e+19,2.4244788595970503e+19
171.39731996425533,300.0000000000006,6.864792931652618e+19,2.825505336763325e+17,4.365533455267805e+19,2.471004423017184e+19
178.28870557554384,300.0000000000006,7.001467775525902e+19,2.8818818262927824e+17,4.452169789846739e+19,2.5204791674162385e+19
184.66961817858876,300.0000000000006,7.125770864268191e+19,2.9345824037010944e+17,4.531249555242506e+19,2.5651754849886736e+19
191.56100378987728,300.0000000000006,7.257564363546684e+19,2.989668936286832e+17,4.614969875833861e+19,2.6126977983499665e+19
199.00370025006887,300.0000000000006,7.397232669295224e+19,3.0472698082128314e+17,4.703483984933772e+19,2.6632759862793286e+19
205.8950858613574,300.0000000000006,7.524332830169283e+19,3.1011327298651405e+17,4.784344310957312e+19,2.708977191913324e+19
213.33778232154899,300.0000000000006,7.659169775334849e+19,3.157481450308385e+17,4.86998906965307e+19,2.757605891178695e+19
221.3758944985559,300.0000000000006,7.802144906956913e+19,3.216436620304623e+17,4.960578558722497e+19,2.8094019820313727e+19
228.8185909587475,300.0000000000006,7.932320727737691e+19,3.2715820419094586e+17,5.043397783330739e+19,2.856207123987863e+19
236.85670313575443,300.0000000000006,8.070490058079861e+19,3.32931470763879e+17,5.131150244653531e+19,2.906046666349951e+19
245.5378642869219,300.0000000000006,8.217071731694138e+19,3.389748257023466e+17,5.224003917890173e+19,2.9591703312337297e+19
253.5759764639288,300.0000000000006,8.350590817922723e+19,3.44629127127195e+17,5.308953479945215e+19,3.007174425264797e+19
262.25713761509627,300.0000000000006,8.492371248071474e+19,3.5055251574255584e+17,5.3989903243402e+19,3.0583256721570226e+19
270.29524979210316,300.0000000000006,8.621636654226042e+19,3.560607949433323e+17,5.481334994995168e+19,3.104695579736545e+19
278.97641094327065,300.0000000000006,8.759035690727778e+19,3.6181646941660045e+17,5.568629350635659e+19,3.1542246931504587e+19
288.3520649865315,300.0000000000006,8.905012015969958e+19,3.678399151427957e+17,5.661089144199399e+19,3.2071388802562937e+19
297.033226137699,300.0000000000006,9.03815611144679e+19,3.7347207265658e+17,5.745795625965297e+19,3.2550132782158426e+19
306.40888018095984,300.0000000000006,9.179724645829771e+19,3.7938459500035616e+17,5.8356854681422045e+19,3.306100718187527e+19
316.53458654768156,300.0000000000006,9.330174862415186e+19,3.855861296312446e+17,5.9309436975168e+19,3.360672551935268e+19
325.9102405909424,300.0000000000006,9.467433974571973e+19,3.9138988553923104e+17,6.018270952202006e+19,3.4100240338160517e+19
336.0359469576641,300.0000000000006,9.613413807847096e+19,3.9748582019232096e+17,6.110952167811008e+19,3.4627130580168598e+19
345.411601000925,300.0000000000006,9.746694290885154e+19,4.031580231570716e+17,6.195862149427935e+19,3.510516339141509e+19
355.5373073676467,300.0000000000006,9.888557466094959e+19,4.090993255887131e+17,6.285974763733274e+19,3.561672769802825e+19
366.47307024370616,300.0000000000006,1.0039484754753579e+20,4.1532677994440186e+17,6.381525787702439e+19,3.616426289056703e+19
376.5987766104279,300.0000000000006,1.0177316810554183e+20,4.211501813909997e+17,6.469216179688196e+19,3.6659856127268897e+19
387.53453948648735,300.0000000000006,1.0324052783891389e+20,4.272763444478601e+17,6.562365754331886e+19,3.718959395114722e+19
399.3451633926316,300.0000000000006,1.0480188946715969e+20,4.3371137007190214e+17,6.661176865265092e+19,3.775640944443687e+19
410.2809262686911,300.0000000000006,1.0331400592120083e+20,8.932608228210502e+16,6.512349431261862e+19,3.810118552630027e+19
420.4066326354128,300.0000000000006,1.0248565059064175e+20,5.9246636523792104e+16,6.407885795569594e+19,3.834754599842211e+19
431.34239551147226,300.0000000000006,1.0183477382297898e+20,4.612414462571123e+16,6.322278069231439e+19,3.8565868986039e+19
431.74239551147224,300.0000000000006,1.0181123103373482e+20,4.574977583895321e+16,6.319170590373577e+19,3.857377535416008e+19
432.1423955114722,300.0000000000006,1.0178794521459725e+20,4.538643112859322e+16,6.316095326688535e+19,3.858160551658341e+19
432.5423955114722,300.0000000000006,1.01764909451654e+20,4.503155715716989e+16,6.31305157121396e+19,3.85893621823573e+19
432.94239551147217,300.0000000000006,1.0174211711931985e+20,4.468477992645865e+16,6.3100384448255164e+19,3.859704789113824e+19
433.34239551147215,300.0000000000006,1.017195618617424e+20,4.434579481768921e+16,6.3070551032894644e+19,3.8604665034030146e+19
433.7423955114721,300.0000000000006,1.0169723757797486e+20,4.401431419502872e+16,6.304100739635869e+19,3.86122158674212e+19
434.1423955114721,300.0000000000006,1.016751384082111e+20,4.369006510716503e+16,6.30117458187099e+19,3.8619702524394e+19
434.5423955114721,300.0000000000006,1.016532587209654e+20,4.3372788307609416e+16,6.298275890820247e+19,3.862712702445538e+19
434.94239551147206,300.0000000000006,1.016315931011168e+20,4.306223738025775e+16,6.2954039581724566e+19,3.863449128201192e+19
435.34239551147203,300.0000000000006,1.0161013633874682e+20,4.275817793321073e+16,6.292558104693982e+19,3.864179711387395e+19
435.742395511472,300.0000000000006,1.0158888341870762e+20,4.246038685393039e+16,6.2897376785878155e+19,3.8649046245975695e+19
436.142395511472,300.0000000000006,1.0156782951086034e+20,4.21686516202158e+16,6.286942053979077e+19,3.86562403194494e+19
436.54239551147197,300.0000000000006,1.0154696996093349e+20,4.188276966207641e+16,6.284170629512202e+19,3.866338089614937e+19
436.94239551147194,300.0000000000006,1.0152630028195203e+20,4.160254777008825e+16,6.2814228270479516e+19,3.867046946370247e+19
437.3423955114719,300.0000000000006,1.0150581614619451e+20,4.1327801546261976e+16,6.2786980904505885e+19,3.867750744014243e+19
437.7423955114719,300.0000000000006,1.0148551337763766e+20,4.1058354893841976e+16,6.275995884456763e+19,3.868449617817634e+19
438.1423955114719,300.0000000000006,1.0146538794485442e+20,4.0794039542805144e+16,6.27331569361902e+19,3.869143696912144e+19
438.54239551147185,300.0000000000006,1.0144543595432957e+20,4.053469460813353e+16,6.270657021317513e+19,3.869833104654635e+19
438.94239551147183,300.0000000000006,1.014256536441663e+20,4.028016617821202e+16,6.268019388834473e+19,3.870517958964346e+19
439.3423955114718,300.0000000000006,1.0140603737815341e+20,4.003030693094645e+16,6.2654023344863175e+19,3.871198372635939e+19
439.7423955114718,300.0000000000006,1.0138658364016912e+20,3.978497577541846e+16,6.262805412809086e+19,3.871874453630289e+19
440.14239551147176,300.0000000000006,1.0136728902889803e+20,3.9544037517088616e+16,6.260228193792992e+19,3.8725463053451125e+19
440.54239551147174,300.0000000000006,1.013481502528407e+20,3.930736254473845e+16,6.257670262162589e+19,3.873214026867022e+19
440.9423955114717,300.0000000000006,1.0132916412559485e+20,3.90748265375e+16,6.2551312166991225e+19,3.873877713206622e+19
441.3423955114717,300.0000000000006,1.0131032756139139e+20,3.884631019046464e+16,6.252610669602127e+19,3.874537455517967e+19
441.74239551147167,300.0000000000006,1.0129163757086761e+20,3.862169895749368e+16,6.2501082458873635e+19,3.87519334130365e+19
442.14239551147165,300.0000000000006,1.0127309125706408e+20,3.840088280996877e+16,6.247623582818792e+19,3.875845454606631e+19
442.5423955114716,300.0000000000006,1.0125468581162844e+20,3.818375601032664e+16,6.245156329371982e+19,3.876493876189832e+19
442.9423955114716,300.0000000000006,1.0123641851121433e+20,3.797021689931862e+16,6.2427061457270645e+19,3.87713868370444e+19
443.3423955114716,300.0000000000006,1.012182867140646e+20,3.776016769602135e+16,6.240272702789139e+19,3.8777799518477165e+19
443.74239551147156,300.0000000000006,1.0120028785676483e+20,3.755351430970521e+16,6.237855681734358e+19,3.878417752511155e+19
444.14239551147153,300.0000000000006,1.0118241945115904e+20,3.735016616273766e+16,6.235454773580035e+19,3.879052154919605e+19
444.5423955114715,300.0000000000006,1.0116467908141654e+20,3.715003602376403e+16,6.23306967877721e+19,3.879683225762079e+19
444.9423955114715,300.0000000000006,1.0114706440124142e+20,3.695303985046846e+16,6.230700106824297e+19,3.8803110293147976e+19
445.34239551147147,300.0000000000006,1.0112957313121634e+20,3.6759096641270984e+16,6.228345775900499e+19,3.880935627557018e+19
445.74239551147144,300.0000000000006,1.0111220305627321e+20,3.656812829536645e+16,6.226006412517649e+19,3.8815570802801435e+19
446.1423955114714,300.0000000000006,1.0109495202328217e+20,3.638005948055628e+16,6.2236817511895654e+19,3.882175445190599e+19
446.5423955114714,300.0000000000006,1.0107781793875347e+20,3.619481750836561e+16,6.221371534117688e+19,3.882790778006833e+19
446.9423955114714,300.0000000000006,1.0106079876664589e+20,3.601233221597532e+16,6.219075510892088e+19,3.8834031325509075e+19
447.34239551147135,300.0000000000006,1.0104389252627427e+20,3.583253585453437e+16,6.216793438206999e+19,3.884012560834977e+19
447.74239551147133,300.0000000000006,1.0102709729031247e+20,3.5655362983447904e+16,6.214525079589898e+19,3.884619113143011e+19
448.1423955114713,300.0000000000006,1.0101041118288603e+20,3.5480750370268292e+16,6.212270205143493e+19,3.88522283810809e+19
448.5423955114713,300.0000000000006,1.0099383237774888e+20,3.5308636895840164e+16,6.210028591299811e+19,3.885823782785491e+19
448.94239551147126,300.0000000000006,1.0097735909654033e+20,3.513896346437735e+16,6.207800020585687e+19,3.886421992721913e+19
449.34239551147124,300.0000000000006,1.0096098960711882e+20,3.4971672918171564e+16,6.2055842813990494e+19,3.887017512021019e+19
449.7423955114712,300.0000000000006,1.0094472222196649e+20,3.480670995665305e+16,6.203381167795449e+19,3.88761038340553e+19
450.1423955114712,301.139164091769,1.0092646569802711e+20,3.6902063704959544e+16,6.200686435451293e+19,3.888269927980924e+19
450.54239551147117,304.3391640917695,1.0090108474547654e+20,4.376897862750881e+16,6.1965646197285675e+19,3.889166956956341e+19
450.94239551147115,307.5391640917697,1.0086615885775872e+20,5.165681775553118e+16,6.191059291407024e+19,3.890390912593289e+19
451.3423955114711,310.7391640917683,1.0081864562546252e+20,6.05191462909268e+16,6.18375330943183e+19,3.892059338485338e+19
451.7423955114711,313.93916409176836,1.0075480889114187e+20,7.032643410109001e+16,6.17412621483441e+19,3.894322030869677e+19
452.1423955114711,317.13916409176903,1.0067019973930744e+20,8.098973336759317e+16,6.161557277330617e+19,3.897363723263377e+19
452.54239551147106,320.3391640917694,1.0055970705075097e+20,9.234957529232317e+16,6.145329327658358e+19,3.901406419887507e+19
452.94239551147103,323.5391640917679,1.0041769297170552e+20,1.0417406682394138e+17,6.124641531096475e+19,3.906710359391688e+19
453.342395511471,326.7391640917681,1.0023820995483912e+20,1.1616927421615616e+17,6.0986326081602175e+19,3.913571459902092e+19
453.742395511471,329.9391640917684,1.0001527109127171e+20,1.2800322842264328e+17,6.066414019518609e+19,3.922312766766306e+19
454.14239551147097,333.13916409176704,9.974312558987831e+19,1.3934044221500869e+17,6.0271104114458075e+19,3.933268103320534e+19
454.54239551147094,336.33916409176754,9.941648834488294e+19,1.4987945821598298e+17,5.979902523469709e+19,3.946758365196993e+19
454.9423955114709,339.5391640917677,9.903068949973379e+19,1.593841545568034e+17,5.924065686323912e+19,3.963064848193799e+19
455.3423955114709,342.73916409176803,9.85817375920597e+19,1.677015861436642e+17,5.858995855502449e+19,3.9824077450891624e+19
455.7423955114709,345.939164091767,9.806631412735377e+19,1.7476396147901027e+17,5.78421715526815e+19,4.0049378613193376e+19
456.14239551147085,349.13916409176716,9.74817290970384e+19,1.8057733399942602e+17,5.699371054385084e+19,4.030744121918826e+19
456.54239551147083,352.3391640917668,9.68258656559491e+19,1.8520251481923894e+17,5.604194788598178e+19,4.059871525514811e+19
456.9423955114708,355.5391640917661,9.609713356432083e+19,1.887340099126031e+17,5.498500097175504e+19,4.092339858265316e+19
457.3423955114708,358.73916409176593,9.529444155777714e+19,1.9128126138214256e+17,5.382160444662943e+19,4.12815558497656e+19
457.74239551147076,361.93916409176586,9.441719204807485e+19,1.9295436599896928e+17,5.255108747387768e+19,4.167315020819823e+19
458.14239551147074,365.1391640917651,9.346529762028945e+19,1.9385467022657968e+17,5.117343107220624e+19,4.209801187785664e+19
458.5423955114707,368.3391640917651,9.243921636181244e+19,1.9406957164074765e+17,4.968937079080099e+19,4.2555775999370805e+19
458.9423955114707,371.539164091765,9.13400010285689e+19,1.9367044811371347e+17,4.810052159616376e+19,4.304580898429146e+19
459.34239551147067,374.73916409176627,9.016935498847717e+19,1.927126600302976e+17,4.640951504322917e+19,4.356712728521776e+19
459.74239551147065,377.9391640917643,8.89296859584866e+19,1.9123679480396704e+17,4.462014539576674e+19,4.4118303767915995e+19
460.1423955114706,381.1391640917659,8.762414753302651e+19,1.892705904330885e+17,4.273752261182837e+19,4.469735433076508e+19
460.5423955114706,384.33916409176584,8.625665952043308e+19,1.8683120885302163e+17,4.076822926958189e+19,4.53015990419983e+19
460.9423955114706,387.5391640917632,8.483190182220579e+19,1.8392770657561315e+17,3.87204773042045e+19,4.592749681142571e+19
461.34239551147056,390.73916409176474,8.335528191648394e+19,1.8056367160109664e+17,3.6604259108492825e+19,4.6570459136390095e+19
461.74239551147053,393.9391640917646,8.183287964955057e+19,1.7674007194803152e+17,3.443148576567248e+19,4.722465381193007e+19
462.1423955114705,397.1391640917639,8.02713714699733e+19,1.7245840128302262e+17,3.2216102424919654e+19,4.788281064377064e+19
462.5423955114705,400.3391640917641,7.867792947029772e+19,1.6772421434801626e+17,2.997416648101977e+19,4.853603877493002e+19
462.94239551147047,403.53916409176384,7.706008378691943e+19,1.625511145624596e+17,2.7723867492419084e+19,4.917366517993797e+19
463.34239551147044,406.7391640917632,7.542553652418753e+19,1.5696517427546938e+17,2.5485457753284067e+19,4.978311359662798e+19
463.7423955114704,409.93916409176353,7.378192319336051e+19,1.5100961101211798e+17,2.328104844387352e+19,5.034986513847491e+19
464.1423955114704,413.1391640917626,7.213652971704969e+19,1.4474928215060045e+17,2.1134208943482106e+19,5.085757149141688e+19
464.5423955114704,416.33916409176226,7.049598453559559e+19,1.3827418039713154e+17,1.906929052058198e+19,5.128841983461658e+19
464.94239551147035,419.5391640917638,6.886595464775301e+19,1.3170065547860984e+17,1.7110392218171308e+19,5.162386177410305e+19
465.34239551147033,422.73916409176155,6.725088166711133e+19,1.2516873039653701e+17,1.5279919783434588e+19,5.1845793153280246e+19
465.7423955114703,425.93916409176387,6.565379747565316e+19,1.1883400338568738e+17,1.3596789220889539e+19,5.1938174251378024e+19
466.1423955114703,429.13916409176335,6.407625459249292e+19,1.128537301131633e+17,1.207450983833583e+19,5.1888891024044e+19
466.54239551147026,432.3391640917607,6.25183904587264e+19,1.0736894977350709e+17,1.0719597074953007e+19,5.169142443399988e+19
466.94239551147024,435.5391640917626,6.097911920959123e+19,1.0248713482640037e+17,9.530865857861745e+18,5.1345766216903156e+19
467.3423955114702,438.7391640917627,5.94564177894041e+19,9.82709098662058e+16,8.499974120773805e+18,5.085817275876413e+19
467.7423955114702,441.9391640917608,5.7947656727917175e+19,9.473640549418118e+16,7.613130316415269e+18,5.0239790006007644e+19
468.14239551147017,445.13916409176227,5.644992569410633e+19,9.18606642345754e+16,6.853418912563919e+18,4.950464611730788e+19
468.54239551147015,448.33916409176135,5.4960317194859086e+19,8.959408186132718e+16,6.203048156291744e+18,4.8667674956706054e+19
468.9423955114701,451.53916409176,5.34761500361208e+19,8.787320723882077e+16,5.645032733017774e+18,4.774324409586425e+19
469.3423955114701,454.7391640917616,5.1995129790481514e+19,8.663085635603264e+16,5.164169622427656e+18,4.674432931169784e+19
469.7423955114701,457.93916409176,5.051545313088835e+19,8.580262328602589e+16,4.747419590446007e+18,4.5682230917156364e+19
470.14239551147006,461.1391640917596,4.903586680068817e+19,8.533026150532133e+16,4.383899218115423e+18,4.456663732106739e+19
470.54239551147003,464.33916409176175,4.755569211429434e+19,8.516289463251642e+16,4.064669610422092e+18,4.340585960923982e+19
470.94239551147,467.53916409175906,4.607482416365507e+19,8.525695227753797e+16,3.7824493565845105e+18,4.220711785479304e+19
471.34239551147,470.73916409175825,4.459371267681748e+19,8.557547373777547e+16,3.531323795852635e+18,4.097681340722707e+19
471.74239551146997,473.93916409176114,4.311332943963628e+19,8.608717264538245e+16,3.306484058104319e+18,3.972075820888658e+19
472.14239551146994,477.13916409175795,4.163512561947597e+19,8.67654673566308e+16,3.104006738532707e+18,3.844435341358666e+19
472.5423955114699,480.3391640917605,4.0160981254321455e+19,8.758754972786192e+16,2.920673381524969e+18,3.7152720323068666e+19
472.9423955114699,483.53916409176026,3.869314852688997e+19,8.853348824912037e+16,2.753824304442283e+18,3.5850790734198518e+19
473.3423955114699,486.73916409175814,3.723419014935025e+19,8.958539047828202e+16,2.601242229637735e+18,3.4543362529234256e+19
473.74239551146985,489.93916409176,3.5786914189256507e+19,9.072681815311104e+16,2.4610656094161393e+18,3.3235121761687265e+19
474.14239551146983,493.13916409175897,3.4354306957460947e+19,9.194278082867496e+16,2.3317326080125983e+18,3.193063156861966e+19
474.5423955114698,496.3391640917575,3.2939466089484423e+19,9.322038511891126e+16,2.2119480399255063e+18,3.0634297664440033e+19
474.9423955114698,499.53916409175923,3.154553636338837e+19,9.454959922500334e+16,2.1006537884178473e+18,2.935033297574555e+19
475.34239551146976,502.73916409175763,3.017565040469205e+19,9.592326401520936e+16,1.9969850191023414e+18,2.808274212157448e+19
475.74239551146974,505.9391640917564,2.8832874510946873e+19,9.733599438217051e+16,1.9002132515745754e+18,2.6835325264990147e+19
476.1423955114697,509.1391640917594,2.752015664346144e+19,9.878254641682978e+16,1.8096946006259172e+18,2.5611679496418742e+19
476.5423955114697,512.3391640917563,2.6240271179392573e+19,1.0025662483103664e+17,1.724840030406827e+18,2.441517452415474e+19
476.94239551146967,515.5391640917551,2.4995756150216544e+19,1.0175065467268667e+17,1.6451088406576973e+18,2.324889665488617e+19
477.34239551146965,518.7391640917588,2.3788844534312493e+19,1.0325631129584646e+17,1.5700139056894047e+18,2.2115574317327233e+19
477.7423955114696,521.9391640917554,2.262139909958507e+19,1.047652543809241e+17,1.4991264285552407e+18,2.101750741664892e+19
478.1423955114696,525.1391640917593,2.1494865110580605e+19,1.0626965423976688e+17,1.4320748451580572e+18,1.9956520611182776e+19
478.5423955114696,528.3391640917578,2.0410253103330333e+19,1.0776241403975659e+17,1.36853883709576e+18,1.8933951852194824e+19
478.94239551146956,531.5391640917547,1.9368155611524375e+19,1.0923719104437342e+17,1.3082415740377436e+18,1.795067684644226e+19
479.34239551146953,534.739164091758,1.8368791852853656e+19,1.1068835046020896e+17,1.250942504495667e+18,1.7007160997897802e+19
479.7423955114695,537.9391640917564,1.7412067930449258e+19,1.1211093295942323e+17,1.1964315595713748e+18,1.6103525437918472e+19
480.1423955114695,541.1391640917548,1.6497639177765515e+19,1.13500660443856e+17,1.1445246965407087e+18,1.5239613820780952e+19
480.54239551146946,544.3391640917571,1.5624964691054033e+19,1.1485397101818909e+17,1.0950603715453911e+18,1.4415050348490465e+19
480.94239551146944,547.5391640917554,1.4793349162313703e+19,1.1616806106979062e+17,1.0478965344143729e+18,1.3629284566829548e+19
481.3423955114694,550.7391640917538,1.4001971593174526e+19,1.1744091203575635e+17,1.0029078720088204e+18,1.2881622809129953e+19
481.7423955114694,553.9391640917563,1.3249903314043329e+19,1.1867128581119723e+17,9.599831759367956e+17,1.2171248852295352e+19
482.1423955114694,557.1391640917542,1.2536118932083745e+19,1.1985868157679707e+17,9.190228256220495e+17,1.1497237424884908e+19
482.54239551146935,560.3391640917532,1.185950382322781e+19,1.210032553088328e+17,8.799364442010097e+17,1.0858564123717966e+19
482.94239551146933,563.5391640917561,1.121886107334676e+19,1.2210570979832938e+17,8.426408071019724e+17,1.0254114556446456e+19
483.3423955114693,566.7391640917533,1.0612919773824004e+19,1.231671669541915e+17,8.070580734991059e+17,9.68269453337071e+18
483.7423955114693,569.9391640917564,1.0040345571995742e+19,1.241890354292276e+17,7.731143825223412e+17,9.143042154044169e+18
484.14239551146926,573.139164091755,9.499753538575204e+18,1.2517288558101093e+17,7.407388211124804e+17,8.633841831881714e+18
484.54239551146924,576.3391640917524,8.989722824840574e+18,1.2612034095417336e+17,7.098627366319452e+17,8.153739747254456e+18
484.9423955114692,579.5391640917552,8.508812253800777e+18,1.2703299235431406e+17,6.804193454247018e+17,7.701359916021767e+18
485.3423955114692,582.7391640917539,8.055575898173164e+18,1.279123361942068e+17,6.52343569214908e+17,7.275319992764051e+18
485.74239551146917,585.9391640917521,7.628577779079611e+18,1.2875973647915184e+17,6.255720332021784e+17,6.874246009398284e+18
486.14239551146915,589.1391640917543,7.226405012028767e+18,1.2957640704402344e+17,6.000431612547299e+17,6.496785443730018e+18
486.5423955114691,592.3391640917529,6.847678966080663e+18,1.3036340959659109e+17,5.756973156691699e+17,6.141618240814903e+18
486.9423955114691,595.5391640917519,6.49106423824939e+18,1.3112166276144614e+17,5.524769421928045e+17,5.807465633295149e+18
487.3423955114691,598.7391640917539,6.155275445243527e+18,1.3185195767794262e+17,5.303266944747709e+17,5.493096793090817e+18
487.74239551146906,601.9391640917516,5.839081982292707e+18,1.3255497649045659e+17,5.091935238578572e+17,5.197333481944396e+18
488.14239551146903,605.1391640917508,5.541310991404237e+18,1.332313110310052e+17,4.890267295246628e+17,4.919052950848572e+18
488.542395511469,608.3391640917534,5.260848825391203e+18,1.338814799405327e+17,4.6977797026745946e+17,4.657189375183206e+18
488.942395511469,611.5391640917511,4.996641300512473e+18,1.345059432844843e+17,4.5140124284700896e+17,4.4107341143809843e+18
489.34239551146896,614.7391640917496,4.747693011735577e+18,1.3510511433489814e+17,4.338528335826317e+17,4.178735063818048e+18
489.74239551146894,617.9391640917523,4.5130659513947156e+18,1.3567936860933574e+17,4.1709125008207226e+17,3.960295332703308e+18
490.1423955114689,621.1391640917501,4.29187763288609e+18,1.3622905050165638e+17,4.0107713942623834e+17,3.7545714429581967e+18
490.5423955114689,624.339164091753,4.0832988818815247e+18,1.367544779503053e+17,3.8577319810496346e+17,3.5607712058262564e+18
490.9423955114689,627.5391640917517,3.886551421846797e+18,1.3725594560783534e+17,3.711440778577477e+17,3.37815139838121e+18
491.34239551146885,630.7391640917501,3.70090535009509e+18,1.3773372693710294e+17,3.5715629049285446e+17,3.206015332665136e+18
491.7423955114688,633.9391640917518,3.525676575616728e+18,1.381880755929081e+17,3.437781138331759e+17,3.0437103861906473e+18
492.1423955114688,637.1391640917508,3.3602242701848817e+18,1.3861922637226544e+17,3.3097950019992326e+17,2.890625543612693e+18
492.5423955114688,640.3391640917494,3.203948369054595e+18,1.3902739594388101e+17,3.1873198828997274e+17,2.7461889848207457e+18
492.94239551146876,643.5391640917508,3.056287146136575e+18,1.3941278350418029e+17,3.070086189052051e+17,2.6098657437271905e+18
493.34239551146874,646.7391640917496,2.91671488005237e+18,1.3977557145579622e+17,2.9578385472116845e+17,2.481155453875405e+18
493.7423955114687,649.9391640917485,2.7847396212749604e+18,1.4011592616484496e+17,2.8503350410709392e+17,2.359590191003024e+18
494.1423955114687,653.1391640917501,2.6599010660628613e+18,1.4043399882439598e+17,2.7473464890298547e+17,2.244732418335482e+18
494.54239551146867,656.3391640917484,2.5417685396628285e+18,1.4072992643145077e+17,2.64865576000573e+17,2.1361730372308045e+18
494.94239551146865,659.5391640917475,2.4299390889481344e+18,1.4100383287161291e+17,2.554057125471588e+17,2.033529543529364e+18
495.3423955114686,662.7391640917494,2.3240356830247485e+18,1.4125583009777984e+17,2.463355645830308e+17,1.936444288343938e+18
495.7423955114686,665.9391640917477,2.2237055191929265e+18,1.4148601938504517e+17,2.376366589259612e+17,1.8445828408819218e+18
496.1423955114686,669.1391640917506,2.1286184308637263e+18,1.4169449264252728e+17,2.292914881251299e+17,1.7576324500960722e+18
496.54239551146856,672.3391640917487,2.038465393502813e+18,1.4188133376300805e+17,2.2128345831808163e+17,1.6753006014217203e+18
496.94239551146853,675.539164091747,1.9529571243388065e+18,1.4204661999251387e+17,2.1359683983613475e+17,1.5973136645101573e+18
497.3423955114685,678.7391640917496,1.871822771380544e+18,1.4219042330375326e+17,2.0621672041487478e+17,1.5234156276619151e+18
497.7423955114685,681.9391640917476,1.7948086872004022e+18,1.4231281175935925e+17,1.9912896087648643e+17,1.4533669145645573e+18
498.14239551146846,685.1391640917466,1.721677282932966e+18,1.4241385085293822e+17,1.9232015315954512e+17,1.3869432789204838e+18
498.54239551146844,688.3391640917488,1.6522059579888899e+18,1.424936048178282e+17,1.8577758057952464e+17,1.3239347725915395e+18
498.9423955114684,691.5391640917481,1.5861861010774177e+18,1.4255213789508256e+17,1.7948918020967066e+17,1.2641447829726659e+18
499.3423955114684,694.7391640917456,1.5234221582524508e+18,1.425895155531017e+17,1.7344350727692502e+17,1.2073891354224248e+18
499.7423955114684,697.9391640917476,1.4637307638299935e+18,1.4260580565065669e+17,1.6762970147050064e+17,1.1534952567088364e+18
500.14239551146835,701.1391640917471,1.4069399301427277e+18,1.4260107953031525e+17,1.620374550593701e+17,1.1023013955530433e+18
